dateiname;Bahnhof;TimeOrder;Deadlock;Postion;Bahnhofsl√§nge
track_10_1001;KD_Stop_7;0;0;0;1
track_10_1033;KD_Stop_7;0;0;0;1
track_10_105;AR_Stop_2;0;0;0;2
track_10_1065;KD_Stop_7;0;0;0;1
track_10_1097;KD_Stop_7;0;0;0;1
track_10_1129;KD_Stop_7;0;0;0;1
track_10_1161;KD_Stop_7;0;0;0;1
track_10_1193;KD_Stop_7;0;0;0;1
track_10_1225;KD_Stop_7;0;0;0;1
track_10_1257;KD_Stop_7;0;0;0;1
track_10_1289;KD_Stop_7;0;0;0;1
track_10_1321;KD_Stop_7;0;0;0;1
track_10_1353;KD_Stop_7;0;0;0;1
track_10_137;AR_Stop_2;0;0;0;2
track_10_1385;KD_Stop_7;0;0;0;1
track_10_169;AR_Stop_2;0;0;0;2
track_10_201;AR_Stop_2;0;0;0;2
track_10_233;AR_Stop_2;0;0;0;2
track_10_265;AR_Stop_2;0;0;0;2
track_10_297;AR_Stop_2;0;0;0;2
track_10_329;AR_Stop_2;0;0;0;2
track_10_361;AR_Stop_2;0;0;0;2
track_10_393;KD_Stop_7;0;0;0;1
track_10_41;AR_Stop_2;0;0;0;2
track_10_425;KD_Stop_7;0;0;0;1
track_10_457;KD_Stop_7;0;0;0;1
track_10_489;KD_Stop_7;0;0;0;1
track_10_521;KD_Stop_7;0;0;0;1
track_10_553;KD_Stop_7;0;0;0;1
track_10_585;KD_Stop_7;0;0;0;1
track_10_617;KD_Stop_7;0;0;0;1
track_10_649;KD_Stop_7;0;0;0;1
track_10_681;KD_Stop_7;0;0;0;1
track_10_713;KD_Stop_7;0;0;0;1
track_10_73;AR_Stop_2;0;0;0;2
track_10_745;KD_Stop_7;0;0;0;1
track_10_777;KD_Stop_7;0;0;0;1
track_10_809;KD_Stop_7;0;0;0;1
track_10_841;KD_Stop_7;0;0;0;1
track_10_873;KD_Stop_7;0;0;0;1
track_10_9;AR_Stop_2;0;0;0;2
track_10_905;KD_Stop_7;0;0;0;1
track_10_937;KD_Stop_7;0;0;0;1
track_10_969;KD_Stop_7;0;0;0;1
track_11_10;AB_Stop_1;0;0;0;1
track_11_1002;SDB_Stop_5;0;0;0;1
track_11_1034;SDB_Stop_5;0;0;0;1
track_11_106;AB_Stop_1;0;0;0;1
track_11_1066;SDB_Stop_5;0;0;0;1
track_11_1098;SDB_Stop_5;0;0;0;1
track_11_1130;SDB_Stop_5;0;0;0;1
track_11_1162;SDB_Stop_5;0;0;0;1
track_11_1194;SDB_Stop_5;0;0;0;1
track_11_1226;SDB_Stop_5;0;0;0;1
track_11_1258;SDB_Stop_5;0;0;0;1
track_11_1290;SDB_Stop_5;0;0;0;1
track_11_1322;SDB_Stop_5;0;0;0;1
track_11_1354;SDB_Stop_5;0;0;0;1
track_11_138;AB_Stop_1;0;0;0;1
track_11_1386;SDB_Stop_5;0;0;0;1
track_11_170;AB_Stop_1;0;0;0;1
track_11_202;AB_Stop_1;0;0;0;1
track_11_234;AB_Stop_1;0;0;0;1
track_11_266;AB_Stop_1;0;0;0;1
track_11_298;AB_Stop_1;0;0;0;1
track_11_330;AB_Stop_1;0;0;0;1
track_11_362;AB_Stop_1;0;0;0;1
track_11_394;SDB_Stop_5;0;0;0;1
track_11_42;AB_Stop_1;0;0;0;1
track_11_426;SDB_Stop_5;0;0;0;1
track_11_458;SDB_Stop_5;0;0;0;1
track_11_490;SDB_Stop_5;0;0;0;1
track_11_522;SDB_Stop_5;0;0;0;1
track_11_554;SDB_Stop_5;0;0;0;1
track_11_586;SDB_Stop_5;0;0;0;1
track_11_618;SDB_Stop_5;0;0;0;1
track_11_650;SDB_Stop_5;0;0;0;1
track_11_682;SDB_Stop_5;0;0;0;1
track_11_714;SDB_Stop_5;0;0;0;1
track_11_74;AB_Stop_1;0;0;0;1
track_11_746;SDB_Stop_5;0;0;0;1
track_11_778;SDB_Stop_5;0;0;0;1
track_11_810;SDB_Stop_5;0;0;0;1
track_11_842;SDB_Stop_5;0;0;0;1
track_11_874;SDB_Stop_5;0;0;0;1
track_11_906;SDB_Stop_5;0;0;0;1
track_11_938;SDB_Stop_5;0;0;0;1
track_11_970;SDB_Stop_5;0;0;0;1
track_12_1003;SDB_Stop_5;0;0;0;1
track_12_1035;SDB_Stop_5;0;0;0;1
track_12_1067;SDB_Stop_5;0;0;0;1
track_12_107;AB_Stop_1;0;0;0;1
track_12_1099;SDB_Stop_5;0;0;0;1
track_12_11;AB_Stop_1;0;0;0;1
track_12_1131;SDB_Stop_5;0;0;0;1
track_12_1163;SDB_Stop_5;0;0;0;1
track_12_1195;SDB_Stop_5;0;0;0;1
track_12_1227;SDB_Stop_5;0;0;0;1
track_12_1259;SDB_Stop_5;0;0;0;1
track_12_1291;SDB_Stop_5;0;0;0;1
track_12_1323;SDB_Stop_5;0;0;0;1
track_12_1355;SDB_Stop_5;0;0;0;1
track_12_1387;SDB_Stop_5;0;0;0;1
track_12_139;AB_Stop_1;0;0;0;1
track_12_171;AB_Stop_1;0;0;0;1
track_12_203;AB_Stop_1;0;0;0;1
track_12_235;AB_Stop_1;0;0;0;1
track_12_267;AB_Stop_1;0;0;0;1
track_12_299;AB_Stop_1;0;0;0;1
track_12_331;AB_Stop_1;0;0;0;1
track_12_363;AB_Stop_1;0;0;0;1
track_12_395;SDB_Stop_5;0;0;0;1
track_12_427;SDB_Stop_5;0;0;0;1
track_12_43;AB_Stop_1;0;0;0;1
track_12_459;SDB_Stop_5;0;0;0;1
track_12_491;SDB_Stop_5;0;0;0;1
track_12_523;SDB_Stop_5;0;0;0;1
track_12_555;SDB_Stop_5;0;0;0;1
track_12_587;SDB_Stop_5;0;0;0;1
track_12_619;SDB_Stop_5;0;0;0;1
track_12_651;SDB_Stop_5;0;0;0;1
track_12_683;SDB_Stop_5;0;0;0;1
track_12_715;SDB_Stop_5;0;0;0;1
track_12_747;SDB_Stop_5;0;0;0;1
track_12_75;AB_Stop_1;0;0;0;1
track_12_779;SDB_Stop_5;0;0;0;1
track_12_811;SDB_Stop_5;0;0;0;1
track_12_843;SDB_Stop_5;0;0;0;1
track_12_875;SDB_Stop_5;0;0;0;1
track_12_907;SDB_Stop_5;0;0;0;1
track_12_939;SDB_Stop_5;0;0;0;1
track_12_971;SDB_Stop_5;0;0;0;1
track_13_1004;AR_Stop_2;0;0;0;2
track_13_1036;AR_Stop_2;0;0;0;2
track_13_1068;AR_Stop_2;0;0;0;2
track_13_108;KD_Stop_7;0;0;0;1
track_13_1100;AR_Stop_2;0;0;0;2
track_13_1132;AR_Stop_2;0;0;0;2
track_13_1164;AR_Stop_2;0;0;0;2
track_13_1196;AR_Stop_2;0;0;0;2
track_13_12;KD_Stop_7;0;0;0;1
track_13_1228;AR_Stop_2;0;0;0;2
track_13_1260;AR_Stop_2;0;0;0;2
track_13_1292;AR_Stop_2;0;0;0;2
track_13_1324;AR_Stop_2;0;0;0;2
track_13_1356;AR_Stop_2;0;0;0;2
track_13_1388;AR_Stop_2;0;0;0;2
track_13_140;KD_Stop_7;0;0;0;1
track_13_172;KD_Stop_7;0;0;0;1
track_13_204;KD_Stop_7;0;0;0;1
track_13_236;KD_Stop_7;0;0;0;1
track_13_268;KD_Stop_7;0;0;0;1
track_13_300;KD_Stop_7;0;0;0;1
track_13_332;KD_Stop_7;0;0;0;1
track_13_364;KD_Stop_7;0;0;0;1
track_13_396;AR_Stop_2;0;0;0;2
track_13_428;AR_Stop_2;0;0;0;2
track_13_44;KD_Stop_7;0;0;0;1
track_13_460;AR_Stop_2;0;0;0;2
track_13_492;AR_Stop_2;0;0;0;2
track_13_524;AR_Stop_2;0;0;0;2
track_13_556;AR_Stop_2;0;0;0;2
track_13_588;AR_Stop_2;0;0;0;2
track_13_620;AR_Stop_2;0;0;0;2
track_13_652;AR_Stop_2;0;0;0;2
track_13_684;AR_Stop_2;0;0;0;2
track_13_716;AR_Stop_2;0;0;0;2
track_13_748;AR_Stop_2;0;0;0;2
track_13_76;KD_Stop_7;0;0;0;1
track_13_780;AR_Stop_2;0;0;0;2
track_13_812;AR_Stop_2;0;0;0;2
track_13_844;AR_Stop_2;0;0;0;2
track_13_876;AR_Stop_2;0;0;0;2
track_13_908;AR_Stop_2;0;0;0;2
track_13_940;AR_Stop_2;0;0;0;2
track_13_972;AR_Stop_2;0;0;0;2
track_14_1005;AR_Stop_2;0;0;0;2
track_14_1037;AR_Stop_2;0;0;0;2
track_14_1069;AR_Stop_2;0;0;0;2
track_14_109;KD_Stop_7;0;0;0;1
track_14_1101;AR_Stop_2;0;0;0;2
track_14_1133;AR_Stop_2;0;0;0;2
track_14_1165;AR_Stop_2;0;0;0;2
track_14_1197;AR_Stop_2;0;0;0;2
track_14_1229;AR_Stop_2;0;0;0;2
track_14_1261;AR_Stop_2;0;0;0;2
track_14_1293;AR_Stop_2;0;0;0;2
track_14_13;KD_Stop_7;0;0;0;1
track_14_1325;AR_Stop_2;0;0;0;2
track_14_1357;AR_Stop_2;0;0;0;2
track_14_1389;AR_Stop_2;0;0;0;2
track_14_141;KD_Stop_7;0;0;0;1
track_14_173;KD_Stop_7;0;0;0;1
track_14_205;KD_Stop_7;0;0;0;1
track_14_237;KD_Stop_7;0;0;0;1
track_14_269;KD_Stop_7;0;0;0;1
track_14_301;KD_Stop_7;0;0;0;1
track_14_333;KD_Stop_7;0;0;0;1
track_14_365;KD_Stop_7;0;0;0;1
track_14_397;AR_Stop_2;0;0;0;2
track_14_429;AR_Stop_2;0;0;0;2
track_14_45;KD_Stop_7;0;0;0;1
track_14_461;AR_Stop_2;0;0;0;2
track_14_493;AR_Stop_2;0;0;0;2
track_14_525;AR_Stop_2;0;0;0;2
track_14_557;AR_Stop_2;0;0;0;2
track_14_589;AR_Stop_2;0;0;0;2
track_14_621;AR_Stop_2;0;0;0;2
track_14_653;AR_Stop_2;0;0;0;2
track_14_685;AR_Stop_2;0;0;0;2
track_14_717;AR_Stop_2;0;0;0;2
track_14_749;AR_Stop_2;0;0;0;2
track_14_77;KD_Stop_7;0;0;0;1
track_14_781;AR_Stop_2;0;0;0;2
track_14_813;AR_Stop_2;0;0;0;2
track_14_845;AR_Stop_2;0;0;0;2
track_14_877;AR_Stop_2;0;0;0;2
track_14_909;AR_Stop_2;0;0;0;2
track_14_941;AR_Stop_2;0;0;0;2
track_14_973;AR_Stop_2;0;0;0;2
track_15_1006;AB_Stop_1;0;0;0;1
track_15_1038;AB_Stop_1;0;0;0;1
track_15_1070;AB_Stop_1;0;0;0;1
track_15_110;SDB_Stop_5;0;0;0;1
track_15_1102;AB_Stop_1;0;0;0;1
track_15_1134;AB_Stop_1;0;0;0;1
track_15_1166;AB_Stop_1;0;0;0;1
track_15_1198;AB_Stop_1;0;0;0;1
track_15_1230;AB_Stop_1;0;0;0;1
track_15_1262;AB_Stop_1;0;0;0;1
track_15_1294;AB_Stop_1;0;0;0;1
track_15_1326;AB_Stop_1;0;0;0;1
track_15_1358;AB_Stop_1;0;0;0;1
track_15_1390;AB_Stop_1;0;0;0;1
track_15_14;SDB_Stop_5;0;0;0;1
track_15_142;SDB_Stop_5;0;0;0;1
track_15_174;SDB_Stop_5;0;0;0;1
track_15_206;SDB_Stop_5;0;0;0;1
track_15_238;SDB_Stop_5;0;0;0;1
track_15_270;SDB_Stop_5;0;0;0;1
track_15_302;SDB_Stop_5;0;0;0;1
track_15_334;SDB_Stop_5;0;0;0;1
track_15_366;SDB_Stop_5;0;0;0;1
track_15_398;AB_Stop_1;0;0;0;1
track_15_430;AB_Stop_1;0;0;0;1
track_15_46;SDB_Stop_5;0;0;0;1
track_15_462;AB_Stop_1;0;0;0;1
track_15_494;AB_Stop_1;0;0;0;1
track_15_526;AB_Stop_1;0;0;0;1
track_15_558;AB_Stop_1;0;0;0;1
track_15_590;AB_Stop_1;0;0;0;1
track_15_622;AB_Stop_1;0;0;0;1
track_15_654;AB_Stop_1;0;0;0;1
track_15_686;AB_Stop_1;0;0;0;1
track_15_718;AB_Stop_1;0;0;0;1
track_15_750;AB_Stop_1;0;0;0;1
track_15_78;SDB_Stop_5;0;0;0;1
track_15_782;AB_Stop_1;0;0;0;1
track_15_814;AB_Stop_1;0;0;0;1
track_15_846;AB_Stop_1;0;0;0;1
track_15_878;AB_Stop_1;0;0;0;1
track_15_910;AB_Stop_1;0;0;0;1
track_15_942;AB_Stop_1;0;0;0;1
track_15_974;AB_Stop_1;0;0;0;1
track_16_1007;AB_Stop_1;0;0;0;1
track_16_1039;AB_Stop_1;0;0;0;1
track_16_1071;AB_Stop_1;0;0;0;1
track_16_1103;AB_Stop_1;0;0;0;1
track_16_111;SDB_Stop_5;0;0;0;1
track_16_1135;AB_Stop_1;0;0;0;1
track_16_1167;AB_Stop_1;0;0;0;1
track_16_1199;AB_Stop_1;0;0;0;1
track_16_1231;AB_Stop_1;0;0;0;1
track_16_1263;AB_Stop_1;0;0;0;1
track_16_1295;AB_Stop_1;0;0;0;1
track_16_1327;AB_Stop_1;0;0;0;1
track_16_1359;AB_Stop_1;0;0;0;1
track_16_1391;AB_Stop_1;0;0;0;1
track_16_143;SDB_Stop_5;0;0;0;1
track_16_15;SDB_Stop_5;0;0;0;1
track_16_175;SDB_Stop_5;0;0;0;1
track_16_207;SDB_Stop_5;0;0;0;1
track_16_239;SDB_Stop_5;0;0;0;1
track_16_271;SDB_Stop_5;0;0;0;1
track_16_303;SDB_Stop_5;0;0;0;1
track_16_335;SDB_Stop_5;0;0;0;1
track_16_367;SDB_Stop_5;0;0;0;1
track_16_399;AB_Stop_1;0;0;0;1
track_16_431;AB_Stop_1;0;0;0;1
track_16_463;AB_Stop_1;0;0;0;1
track_16_47;SDB_Stop_5;0;0;0;1
track_16_495;AB_Stop_1;0;0;0;1
track_16_527;AB_Stop_1;0;0;0;1
track_16_559;AB_Stop_1;0;0;0;1
track_16_591;AB_Stop_1;0;0;0;1
track_16_623;AB_Stop_1;0;0;0;1
track_16_655;AB_Stop_1;0;0;0;1
track_16_687;AB_Stop_1;0;0;0;1
track_16_719;AB_Stop_1;0;0;0;1
track_16_751;AB_Stop_1;0;0;0;1
track_16_783;AB_Stop_1;0;0;0;1
track_16_79;SDB_Stop_5;0;0;0;1
track_16_815;AB_Stop_1;0;0;0;1
track_16_847;AB_Stop_1;0;0;0;1
track_16_879;AB_Stop_1;0;0;0;1
track_16_911;AB_Stop_1;0;0;0;1
track_16_943;AB_Stop_1;0;0;0;1
track_16_975;AB_Stop_1;0;0;0;1
track_1_0;AR_Stop_2;0;0;0;2
track_1_1024;KD_Stop_7;0;0;0;1
track_1_1056;KD_Stop_7;0;0;0;1
track_1_1088;KD_Stop_7;0;0;0;1
track_1_1120;KD_Stop_7;0;0;0;1
track_1_1152;KD_Stop_7;0;0;0;1
track_1_1184;KD_Stop_7;0;0;0;1
track_1_1216;KD_Stop_7;0;0;0;1
track_1_1248;KD_Stop_7;0;0;0;1
track_1_128;AR_Stop_2;0;0;0;2
track_1_1280;KD_Stop_7;0;0;0;1
track_1_1312;KD_Stop_7;0;0;0;1
track_1_1344;KD_Stop_7;0;0;0;1
track_1_1376;KD_Stop_7;0;0;0;1
track_1_160;AR_Stop_2;0;0;0;2
track_1_192;AR_Stop_2;0;0;0;2
track_1_224;AR_Stop_2;0;0;0;2
track_1_256;AR_Stop_2;0;0;0;2
track_1_288;AR_Stop_2;0;0;0;2
track_1_32;AR_Stop_2;0;0;0;2
track_1_320;AR_Stop_2;0;0;0;2
track_1_352;AR_Stop_2;0;0;0;2
track_1_384;KD_Stop_7;0;0;0;1
track_1_416;KD_Stop_7;0;0;0;1
track_1_448;KD_Stop_7;0;0;0;1
track_1_480;KD_Stop_7;0;0;0;1
track_1_512;KD_Stop_7;0;0;0;1
track_1_544;KD_Stop_7;0;0;0;1
track_1_576;KD_Stop_7;0;0;0;1
track_1_608;KD_Stop_7;0;0;0;1
track_1_64;AR_Stop_2;0;0;0;2
track_1_640;KD_Stop_7;0;0;0;1
track_1_672;KD_Stop_7;0;0;0;1
track_1_704;KD_Stop_7;0;0;0;1
track_1_736;KD_Stop_7;0;0;0;1
track_1_768;KD_Stop_7;0;0;0;1
track_1_800;KD_Stop_7;0;0;0;1
track_1_832;KD_Stop_7;0;0;0;1
track_1_864;KD_Stop_7;0;0;0;1
track_1_896;KD_Stop_7;0;0;0;1
track_1_928;KD_Stop_7;0;0;0;1
track_1_96;AR_Stop_2;0;0;0;2
track_1_960;KD_Stop_7;0;0;0;1
track_1_992;KD_Stop_7;0;0;0;1
track_2_1;FA_Stop_4;0;2;1;4
track_2_1025;FA_Stop_4;0;2;1;4
track_2_1057;FA_Stop_4;0;2;1;4
track_2_1089;FA_Stop_4;0;2;1;4
track_2_1121;FA_Stop_4;0;2;1;4
track_2_1153;FA_Stop_4;0;2;1;4
track_2_1185;FA_Stop_4;0;2;1;4
track_2_1217;FA_Stop_4;0;2;1;4
track_2_1249;FA_Stop_4;0;2;1;4
track_2_1281;FA_Stop_4;0;2;1;4
track_2_129;FA_Stop_4;0;2;1;4
track_2_1313;FA_Stop_4;0;2;1;4
track_2_1345;FA_Stop_4;0;2;1;4
track_2_1377;FA_Stop_4;0;2;1;4
track_2_161;FA_Stop_4;0;2;1;4
track_2_193;FA_Stop_4;0;2;1;4
track_2_225;FA_Stop_4;0;2;1;4
track_2_257;FA_Stop_4;0;2;1;4
track_2_289;FA_Stop_4;0;2;1;4
track_2_321;FA_Stop_4;0;2;1;4
track_2_33;FA_Stop_4;0;2;1;4
track_2_353;FA_Stop_4;0;2;1;4
track_2_385;FA_Stop_4;0;2;1;4
track_2_417;FA_Stop_4;0;2;1;4
track_2_449;FA_Stop_4;0;2;1;4
track_2_481;FA_Stop_4;0;2;1;4
track_2_513;FA_Stop_4;0;2;1;4
track_2_545;FA_Stop_4;0;2;1;4
track_2_577;FA_Stop_4;0;2;1;4
track_2_609;FA_Stop_4;0;2;1;4
track_2_641;FA_Stop_4;0;2;1;4
track_2_65;FA_Stop_4;0;2;1;4
track_2_673;FA_Stop_4;0;2;1;4
track_2_705;FA_Stop_4;0;2;1;4
track_2_737;FA_Stop_4;0;2;1;4
track_2_769;FA_Stop_4;0;2;1;4
track_2_801;FA_Stop_4;0;2;1;4
track_2_833;FA_Stop_4;0;2;1;4
track_2_865;FA_Stop_4;0;2;1;4
track_2_897;FA_Stop_4;0;2;1;4
track_2_929;FA_Stop_4;0;2;1;4
track_2_961;FA_Stop_4;0;2;1;4
track_2_97;FA_Stop_4;0;2;1;4
track_2_993;FA_Stop_4;0;2;1;4
track_3_1026;OD_Stop_6;0;0;0;3
track_3_1058;OD_Stop_6;0;0;0;3
track_3_1090;OD_Stop_6;0;0;0;3
track_3_1122;OD_Stop_6;0;0;0;3
track_3_1154;OD_Stop_6;0;0;0;3
track_3_1186;OD_Stop_6;0;0;0;3
track_3_1218;OD_Stop_6;0;0;0;3
track_3_1250;OD_Stop_6;0;0;0;3
track_3_1282;OD_Stop_6;0;0;0;3
track_3_130;OD_Stop_6;0;0;0;3
track_3_1314;OD_Stop_6;0;0;0;3
track_3_1346;OD_Stop_6;0;0;0;3
track_3_1378;OD_Stop_6;0;0;0;3
track_3_162;OD_Stop_6;0;0;0;3
track_3_194;OD_Stop_6;0;0;0;3
track_3_2;OD_Stop_6;0;0;0;3
track_3_226;OD_Stop_6;0;0;0;3
track_3_258;OD_Stop_6;0;0;0;3
track_3_290;OD_Stop_6;0;0;0;3
track_3_322;OD_Stop_6;0;0;0;3
track_3_34;OD_Stop_6;0;0;0;3
track_3_354;OD_Stop_6;0;0;0;3
track_3_386;OD_Stop_6;0;0;0;3
track_3_418;OD_Stop_6;0;0;0;3
track_3_450;OD_Stop_6;0;0;0;3
track_3_482;OD_Stop_6;0;0;0;3
track_3_514;OD_Stop_6;0;0;0;3
track_3_546;OD_Stop_6;0;0;0;3
track_3_578;OD_Stop_6;0;0;0;3
track_3_610;OD_Stop_6;0;0;0;3
track_3_642;OD_Stop_6;0;0;0;3
track_3_66;OD_Stop_6;0;0;0;3
track_3_674;OD_Stop_6;0;0;0;3
track_3_706;OD_Stop_6;0;0;0;3
track_3_738;OD_Stop_6;0;0;0;3
track_3_770;OD_Stop_6;0;0;0;3
track_3_802;OD_Stop_6;0;0;0;3
track_3_834;OD_Stop_6;0;0;0;3
track_3_866;OD_Stop_6;0;0;0;3
track_3_898;OD_Stop_6;0;0;0;3
track_3_930;OD_Stop_6;0;0;0;3
track_3_962;OD_Stop_6;0;0;0;3
track_3_98;OD_Stop_6;0;0;0;3
track_3_994;OD_Stop_6;0;0;0;3
track_4_1027;KH_Stop_8;18;0;1;3
track_4_1059;KH_Stop_8;18;0;1;3
track_4_1091;KH_Stop_8;18;0;1;3
track_4_1123;KH_Stop_8;18;0;1;3
track_4_1155;KH_Stop_8;18;0;1;3
track_4_1187;KH_Stop_8;18;0;1;3
track_4_1219;KH_Stop_8;18;0;1;3
track_4_1251;KH_Stop_8;18;0;1;3
track_4_1283;KH_Stop_8;18;0;1;3
track_4_131;KH_Stop_8;18;0;1;3
track_4_1315;KH_Stop_8;18;0;1;3
track_4_1347;KH_Stop_8;18;0;1;3
track_4_1379;KH_Stop_8;18;0;1;3
track_4_163;KH_Stop_8;18;0;1;3
track_4_195;KH_Stop_8;18;0;1;3
track_4_227;KH_Stop_8;18;0;1;3
track_4_259;KH_Stop_8;18;0;1;3
track_4_291;KH_Stop_8;18;0;1;3
track_4_3;KH_Stop_8;18;0;1;3
track_4_323;KH_Stop_8;18;0;1;3
track_4_35;KH_Stop_8;18;0;1;3
track_4_355;KH_Stop_8;18;0;1;3
track_4_387;KH_Stop_8;0;0;0;3
track_4_419;KH_Stop_8;0;0;0;3
track_4_451;KH_Stop_8;0;0;0;3
track_4_483;KH_Stop_8;0;0;0;3
track_4_515;KH_Stop_8;0;0;0;3
track_4_547;KH_Stop_8;18;0;1;3
track_4_579;KH_Stop_8;18;0;0;3
track_4_611;KH_Stop_8;18;0;0;3
track_4_643;KH_Stop_8;18;0;0;3
track_4_67;KH_Stop_8;18;0;1;3
track_4_675;KH_Stop_8;18;0;0;3
track_4_707;KH_Stop_8;18;0;0;3
track_4_739;KH_Stop_8;18;0;0;3
track_4_771;KH_Stop_8;18;0;0;3
track_4_803;KH_Stop_8;18;0;0;3
track_4_835;KH_Stop_8;18;0;1;3
track_4_867;KH_Stop_8;18;0;1;3
track_4_899;KH_Stop_8;18;0;1;3
track_4_931;KH_Stop_8;18;0;1;3
track_4_963;KH_Stop_8;18;0;1;3
track_4_99;KH_Stop_8;18;0;1;3
track_4_995;KH_Stop_8;18;0;1;3
track_5_100;CPH_Stop_3;0;0;1;2
track_5_1028;CPH_Stop_3;0;0;1;2
track_5_1060;CPH_Stop_3;0;0;1;2
track_5_1092;CPH_Stop_3;0;0;1;2
track_5_1124;CPH_Stop_3;0;0;1;2
track_5_1156;CPH_Stop_3;0;0;1;2
track_5_1188;CPH_Stop_3;0;0;1;2
track_5_1220;CPH_Stop_3;0;0;1;2
track_5_1252;CPH_Stop_3;0;0;1;2
track_5_1284;CPH_Stop_3;0;0;1;2
track_5_1316;CPH_Stop_3;0;0;1;2
track_5_132;CPH_Stop_3;0;0;1;2
track_5_1348;CPH_Stop_3;0;0;1;2
track_5_1380;CPH_Stop_3;0;0;1;2
track_5_164;CPH_Stop_3;0;0;1;2
track_5_196;CPH_Stop_3;0;0;1;2
track_5_228;CPH_Stop_3;0;0;1;2
track_5_260;CPH_Stop_3;0;0;1;2
track_5_292;CPH_Stop_3;0;0;1;2
track_5_324;CPH_Stop_3;0;0;1;2
track_5_356;CPH_Stop_3;0;0;1;2
track_5_36;CPH_Stop_3;0;0;1;2
track_5_388;CPH_Stop_3;0;0;1;2
track_5_4;CPH_Stop_3;0;0;1;2
track_5_420;CPH_Stop_3;0;0;1;2
track_5_452;CPH_Stop_3;0;0;1;2
track_5_484;CPH_Stop_3;0;0;1;2
track_5_516;CPH_Stop_3;0;0;1;2
track_5_548;CPH_Stop_3;0;0;1;2
track_5_580;CPH_Stop_3;0;0;1;2
track_5_612;CPH_Stop_3;0;0;1;2
track_5_644;CPH_Stop_3;0;0;1;2
track_5_676;CPH_Stop_3;0;0;1;2
track_5_68;CPH_Stop_3;0;0;1;2
track_5_708;CPH_Stop_3;0;0;1;2
track_5_740;CPH_Stop_3;0;0;1;2
track_5_772;CPH_Stop_3;0;0;1;2
track_5_804;CPH_Stop_3;0;0;1;2
track_5_836;CPH_Stop_3;0;0;1;2
track_5_868;CPH_Stop_3;0;0;1;2
track_5_900;CPH_Stop_3;0;0;1;2
track_5_932;CPH_Stop_3;0;0;1;2
track_5_964;CPH_Stop_3;0;0;1;2
track_5_996;CPH_Stop_3;0;0;1;2
track_6_101;CPH_Stop_3;0;0;0;2
track_6_1029;CPH_Stop_3;0;0;0;2
track_6_1061;CPH_Stop_3;0;0;0;2
track_6_1093;CPH_Stop_3;0;0;0;2
track_6_1125;CPH_Stop_3;0;0;0;2
track_6_1157;CPH_Stop_3;0;0;0;2
track_6_1189;CPH_Stop_3;0;0;0;2
track_6_1221;CPH_Stop_3;0;0;0;2
track_6_1253;CPH_Stop_3;0;0;0;2
track_6_1285;CPH_Stop_3;0;0;0;2
track_6_1317;CPH_Stop_3;0;0;0;2
track_6_133;CPH_Stop_3;0;0;0;2
track_6_1349;CPH_Stop_3;0;0;0;2
track_6_1381;CPH_Stop_3;0;0;0;2
track_6_165;CPH_Stop_3;0;0;0;2
track_6_197;CPH_Stop_3;0;0;0;2
track_6_229;CPH_Stop_3;0;0;0;2
track_6_261;CPH_Stop_3;0;0;0;2
track_6_293;CPH_Stop_3;0;0;0;2
track_6_325;CPH_Stop_3;0;0;0;2
track_6_357;CPH_Stop_3;0;0;0;2
track_6_37;CPH_Stop_3;0;0;0;2
track_6_389;CPH_Stop_3;0;0;0;2
track_6_421;CPH_Stop_3;0;0;0;2
track_6_453;CPH_Stop_3;0;0;0;2
track_6_485;CPH_Stop_3;0;0;0;2
track_6_5;CPH_Stop_3;0;0;0;2
track_6_517;CPH_Stop_3;0;0;0;2
track_6_549;CPH_Stop_3;0;0;0;2
track_6_581;CPH_Stop_3;0;0;0;2
track_6_613;CPH_Stop_3;0;0;0;2
track_6_645;CPH_Stop_3;0;0;0;2
track_6_677;CPH_Stop_3;0;0;0;2
track_6_69;CPH_Stop_3;0;0;0;2
track_6_709;CPH_Stop_3;0;0;0;2
track_6_741;CPH_Stop_3;0;0;0;2
track_6_773;CPH_Stop_3;0;0;0;2
track_6_805;CPH_Stop_3;0;0;0;2
track_6_837;CPH_Stop_3;0;0;0;2
track_6_869;CPH_Stop_3;0;0;0;2
track_6_901;CPH_Stop_3;0;0;0;2
track_6_933;CPH_Stop_3;0;0;0;2
track_6_965;CPH_Stop_3;0;0;0;2
track_6_997;CPH_Stop_3;0;0;0;2
track_7_102;KH_Stop_8;0;0;1;3
track_7_1030;KH_Stop_8;0;0;1;3
track_7_1062;KH_Stop_8;0;0;1;3
track_7_1094;KH_Stop_8;0;0;1;3
track_7_1126;KH_Stop_8;0;0;1;3
track_7_1158;KH_Stop_8;0;0;1;3
track_7_1190;KH_Stop_8;0;0;1;3
track_7_1222;KH_Stop_8;0;0;1;3
track_7_1254;KH_Stop_8;0;0;1;3
track_7_1286;KH_Stop_8;0;0;1;3
track_7_1318;KH_Stop_8;0;0;1;3
track_7_134;KH_Stop_8;0;0;1;3
track_7_1350;KH_Stop_8;0;0;1;3
track_7_1382;KH_Stop_8;0;0;1;3
track_7_166;KH_Stop_8;0;0;1;3
track_7_198;KH_Stop_8;0;0;1;3
track_7_230;KH_Stop_8;0;0;1;3
track_7_262;KH_Stop_8;0;0;1;3
track_7_294;KH_Stop_8;0;0;1;3
track_7_326;KH_Stop_8;0;0;1;3
track_7_358;KH_Stop_8;0;0;1;3
track_7_38;KH_Stop_8;0;0;1;3
track_7_390;KH_Stop_8;0;0;1;3
track_7_422;KH_Stop_8;0;0;1;3
track_7_454;KH_Stop_8;0;0;1;3
track_7_486;KH_Stop_8;0;0;1;3
track_7_518;KH_Stop_8;0;0;1;3
track_7_550;KH_Stop_8;0;0;1;3
track_7_582;KH_Stop_8;0;0;1;3
track_7_6;KH_Stop_8;0;0;1;3
track_7_614;KH_Stop_8;0;0;1;3
track_7_646;KH_Stop_8;0;0;1;3
track_7_678;KH_Stop_8;0;0;1;3
track_7_70;KH_Stop_8;0;0;1;3
track_7_710;KH_Stop_8;0;0;1;3
track_7_742;KH_Stop_8;0;0;1;3
track_7_774;KH_Stop_8;0;0;1;3
track_7_806;KH_Stop_8;0;0;1;3
track_7_838;KH_Stop_8;0;0;1;3
track_7_870;KH_Stop_8;0;0;1;3
track_7_902;KH_Stop_8;0;0;1;3
track_7_934;KH_Stop_8;0;0;1;3
track_7_966;KH_Stop_8;0;0;1;3
track_7_998;KH_Stop_8;0;0;1;3
track_8_103;OD_Stop_6;0;0;0;3
track_8_1031;OD_Stop_6;0;0;0;3
track_8_1063;OD_Stop_6;0;0;0;3
track_8_1095;OD_Stop_6;0;0;0;3
track_8_1127;OD_Stop_6;0;0;0;3
track_8_1159;OD_Stop_6;0;0;0;3
track_8_1191;OD_Stop_6;0;0;0;3
track_8_1223;OD_Stop_6;0;0;0;3
track_8_1255;OD_Stop_6;0;0;0;3
track_8_1287;OD_Stop_6;0;0;0;3
track_8_1319;OD_Stop_6;0;0;0;3
track_8_135;OD_Stop_6;0;0;0;3
track_8_1351;OD_Stop_6;0;0;0;3
track_8_1383;OD_Stop_6;0;0;0;3
track_8_167;OD_Stop_6;0;0;0;3
track_8_199;OD_Stop_6;0;0;0;3
track_8_231;OD_Stop_6;0;0;0;3
track_8_263;OD_Stop_6;0;0;0;3
track_8_295;OD_Stop_6;0;0;0;3
track_8_327;OD_Stop_6;0;0;0;3
track_8_359;OD_Stop_6;0;0;0;3
track_8_39;OD_Stop_6;0;0;0;3
track_8_391;OD_Stop_6;0;0;0;3
track_8_423;OD_Stop_6;0;0;0;3
track_8_455;OD_Stop_6;0;0;0;3
track_8_487;OD_Stop_6;0;0;0;3
track_8_519;OD_Stop_6;0;0;0;3
track_8_551;OD_Stop_6;0;0;0;3
track_8_583;OD_Stop_6;0;0;0;3
track_8_615;OD_Stop_6;0;0;0;3
track_8_647;OD_Stop_6;0;0;0;3
track_8_679;OD_Stop_6;0;0;0;3
track_8_7;OD_Stop_6;0;0;0;3
track_8_71;OD_Stop_6;0;0;0;3
track_8_711;OD_Stop_6;0;0;0;3
track_8_743;OD_Stop_6;0;0;0;3
track_8_775;OD_Stop_6;0;0;0;3
track_8_807;OD_Stop_6;0;0;0;3
track_8_839;OD_Stop_6;0;0;0;3
track_8_871;OD_Stop_6;0;0;0;3
track_8_903;OD_Stop_6;0;0;0;3
track_8_935;OD_Stop_6;0;0;0;3
track_8_967;OD_Stop_6;0;0;0;3
track_8_999;OD_Stop_6;0;0;0;3
track_9_1000;FA_Stop_4;2;3;1;4
track_9_1032;FA_Stop_4;2;3;1;4
track_9_104;FA_Stop_4;6;0;1;4
track_9_1064;FA_Stop_4;2;3;1;4
track_9_1096;FA_Stop_4;2;3;1;4
track_9_1128;FA_Stop_4;6;0;0;4
track_9_1160;FA_Stop_4;6;0;1;4
track_9_1192;FA_Stop_4;6;0;1;4
track_9_1224;FA_Stop_4;6;0;1;4
track_9_1256;FA_Stop_4;6;0;1;4
track_9_1288;FA_Stop_4;6;0;1;4
track_9_1320;FA_Stop_4;6;0;1;4
track_9_1352;FA_Stop_4;6;0;1;4
track_9_136;FA_Stop_4;6;0;1;4
track_9_1384;FA_Stop_4;6;0;1;4
track_9_168;FA_Stop_4;6;0;1;4
track_9_200;FA_Stop_4;6;0;1;4
track_9_232;FA_Stop_4;6;0;1;4
track_9_264;FA_Stop_4;6;0;1;4
track_9_296;FA_Stop_4;6;0;1;4
track_9_328;FA_Stop_4;6;0;1;4
track_9_360;FA_Stop_4;6;0;1;4
track_9_392;FA_Stop_4;6;0;0;4
track_9_40;FA_Stop_4;6;0;1;4
track_9_424;FA_Stop_4;6;0;0;4
track_9_456;FA_Stop_4;6;0;0;4
track_9_488;FA_Stop_4;6;0;0;4
track_9_520;FA_Stop_4;6;0;0;4
track_9_552;FA_Stop_4;6;0;0;4
track_9_584;FA_Stop_4;6;0;0;4
track_9_616;FA_Stop_4;6;0;0;4
track_9_648;FA_Stop_4;6;0;0;4
track_9_680;FA_Stop_4;6;0;0;4
track_9_712;FA_Stop_4;6;0;0;4
track_9_72;FA_Stop_4;6;0;1;4
track_9_744;FA_Stop_4;6;0;0;4
track_9_776;FA_Stop_4;6;0;0;4
track_9_8;FA_Stop_4;6;0;1;4
track_9_808;FA_Stop_4;6;0;0;4
track_9_840;FA_Stop_4;6;0;0;4
track_9_872;FA_Stop_4;2;3;1;4
track_9_904;FA_Stop_4;2;3;1;4
track_9_936;FA_Stop_4;2;3;1;4
track_9_968;FA_Stop_4;2;3;1;4
