dateiname;Bahnhof;TimeOrder;Deadlock;Postion;BahnhofslÃ¤nge
track_0_0;;12;0;1;3
track_0_1;;0;0;0;1
track_0_10;;78;0;1;5
track_0_100;;0;0;0;4
track_0_1000;;0;0;0;3
track_0_1001;;0;0;1;4
track_0_1002;;0;3;1;4
track_0_1003;;78;0;1;5
track_0_1004;;0;2;1;5
track_0_1005;;0;0;0;4
track_0_1006;;0;0;1;3
track_0_1007;;7;2;0;5
track_0_1008;;0;0;1;4
track_0_1009;;12;3;1;4
track_0_101;;0;0;1;3
track_0_1010;;0;0;0;2
track_0_1011;;15;0;1;3
track_0_1012;;0;0;1;3
track_0_1013;;20;0;1;4
track_0_1014;;0;0;0;1
track_0_1015;;0;0;0;1
track_0_1016;;0;0;0;2
track_0_1017;;0;0;0;2
track_0_1018;;0;1;0;4
track_0_1019;;0;0;0;3
track_0_102;;7;2;1;5
track_0_1020;;0;0;1;4
track_0_1021;;14;3;1;4
track_0_1022;;6;0;0;2
track_0_1023;;15;0;1;3
track_0_1024;;0;0;0;2
track_0_1025;;0;0;0;2
track_0_1026;;0;0;0;4
track_0_1027;;0;0;0;2
track_0_1028;;0;0;0;2
track_0_1029;;12;3;2;5
track_0_103;;26;0;1;5
track_0_1030;;0;0;0;3
track_0_1031;;0;3;1;4
track_0_1032;;15;0;1;3
track_0_1033;;0;0;0;1
track_0_1034;;0;0;0;1
track_0_1035;;24;0;1;5
track_0_1036;;15;0;1;4
track_0_1037;;0;0;0;4
track_0_1038;;0;3;1;5
track_0_1039;;15;0;1;4
track_0_104;;0;3;1;4
track_0_1040;;0;0;0;3
track_0_1041;;18;0;0;4
track_0_1042;;0;0;1;3
track_0_1043;;18;0;2;6
track_0_1044;;0;0;0;3
track_0_1045;;0;0;1;4
track_0_1046;;12;0;1;4
track_0_1047;;0;0;1;3
track_0_1048;;0;2;1;4
track_0_1049;;15;0;1;3
track_0_105;;0;0;0;1
track_0_1050;;0;0;1;4
track_0_1051;;24;0;1;4
track_0_1052;;15;0;1;3
track_0_1053;;12;0;1;3
track_0_1054;;5;0;0;2
track_0_1055;;0;0;1;3
track_0_1056;;0;0;1;4
track_0_1057;;0;0;0;3
track_0_1058;;0;0;0;2
track_0_1059;;0;0;1;3
track_0_106;;0;0;0;2
track_0_1060;;4;2;0;3
track_0_1061;;0;0;1;4
track_0_1062;;0;0;1;5
track_0_1063;;0;0;0;2
track_0_1064;;0;1;0;4
track_0_1065;;0;0;0;3
track_0_1066;;0;0;1;4
track_0_1067;;0;3;1;4
track_0_1068;;78;0;1;5
track_0_1069;;0;2;1;5
track_0_107;;0;0;0;1
track_0_1070;;0;0;0;4
track_0_1071;;0;0;1;3
track_0_1072;;7;2;0;5
track_0_1073;;0;0;1;4
track_0_1074;;12;3;1;4
track_0_1075;;0;0;0;2
track_0_1076;;15;0;1;3
track_0_1077;;0;0;1;3
track_0_1078;;20;0;1;4
track_0_1079;;0;0;0;1
track_0_108;;12;0;1;3
track_0_1080;;0;0;0;1
track_0_1081;;0;0;0;2
track_0_1082;;0;0;0;2
track_0_1083;;0;1;0;4
track_0_1084;;0;0;0;3
track_0_1085;;0;0;1;4
track_0_1086;;14;3;1;4
track_0_1087;;6;0;0;2
track_0_1088;;15;0;1;3
track_0_1089;;0;0;0;2
track_0_109;;0;0;0;1
track_0_1090;;0;0;0;2
track_0_1091;;0;0;0;4
track_0_1092;;0;0;0;2
track_0_1093;;0;0;0;2
track_0_1094;;12;3;2;5
track_0_1095;;0;0;0;3
track_0_1096;;0;3;1;4
track_0_1097;;15;0;1;3
track_0_1098;;0;0;0;1
track_0_1099;;0;0;0;1
track_0_11;;0;0;0;3
track_0_110;;26;0;2;5
track_0_1100;;24;0;1;5
track_0_1101;;15;0;1;4
track_0_1102;;0;0;0;4
track_0_1103;;0;3;1;5
track_0_1104;;15;0;1;4
track_0_1105;;0;0;0;3
track_0_1106;;18;0;0;4
track_0_1107;;0;0;1;3
track_0_1108;;18;0;2;6
track_0_1109;;0;0;0;3
track_0_111;;12;1;2;8
track_0_1110;;0;0;1;4
track_0_1111;;12;0;1;4
track_0_1112;;0;0;1;3
track_0_1113;;0;2;1;4
track_0_1114;;15;0;1;3
track_0_1115;;0;0;1;4
track_0_1116;;24;0;1;4
track_0_1117;;15;0;1;3
track_0_1118;;12;0;1;3
track_0_1119;;5;0;0;2
track_0_112;;0;0;1;4
track_0_1120;;0;0;1;3
track_0_1121;;0;0;1;4
track_0_1122;;0;0;0;3
track_0_1123;;0;0;0;2
track_0_1124;;0;0;1;3
track_0_1125;;4;2;0;3
track_0_1126;;0;0;1;4
track_0_1127;;0;0;1;5
track_0_1128;;0;0;0;2
track_0_1129;;0;1;0;4
track_0_113;;12;3;1;4
track_0_1130;;0;0;0;3
track_0_1131;;0;0;1;4
track_0_1132;;0;3;1;4
track_0_1133;;78;0;1;5
track_0_1134;;0;2;1;5
track_0_1135;;0;0;0;4
track_0_1136;;0;0;1;3
track_0_1137;;7;2;0;5
track_0_1138;;0;0;1;4
track_0_1139;;12;3;1;4
track_0_114;;26;0;0;3
track_0_1140;;0;0;0;2
track_0_1141;;15;0;1;3
track_0_1142;;0;0;1;3
track_0_1143;;20;0;1;4
track_0_1144;;0;0;0;1
track_0_1145;;0;0;0;1
track_0_1146;;0;0;0;2
track_0_1147;;0;0;0;2
track_0_1148;;0;1;0;4
track_0_1149;;0;0;0;3
track_0_115;;47;0;1;6
track_0_1150;;0;0;1;4
track_0_1151;;14;3;1;4
track_0_1152;;6;0;0;2
track_0_1153;;15;0;1;3
track_0_1154;;0;0;0;2
track_0_1155;;0;0;0;2
track_0_1156;;0;0;0;4
track_0_1157;;0;0;0;2
track_0_1158;;0;0;0;2
track_0_1159;;12;3;2;5
track_0_116;;0;0;0;4
track_0_1160;;0;0;0;3
track_0_1161;;0;3;1;4
track_0_1162;;15;0;1;3
track_0_1163;;0;0;0;1
track_0_1164;;0;0;0;1
track_0_1165;;24;0;1;5
track_0_1166;;15;0;1;4
track_0_1167;;0;0;0;4
track_0_1168;;0;3;1;5
track_0_1169;;15;0;1;4
track_0_117;;0;3;1;4
track_0_1170;;0;0;0;3
track_0_1171;;18;0;0;4
track_0_1172;;0;0;1;3
track_0_1173;;18;0;2;6
track_0_1174;;0;0;0;3
track_0_1175;;0;0;1;4
track_0_1176;;12;0;1;4
track_0_1177;;0;0;1;3
track_0_1178;;0;2;1;4
track_0_1179;;15;0;1;3
track_0_118;;78;0;1;5
track_0_1180;;0;0;1;4
track_0_1181;;24;0;1;4
track_0_1182;;15;0;1;3
track_0_1183;;12;0;1;3
track_0_1184;;5;0;0;2
track_0_1185;;0;0;1;3
track_0_1186;;0;0;1;4
track_0_1187;;0;0;0;3
track_0_1188;;0;0;0;2
track_0_1189;;0;0;1;3
track_0_119;;0;0;0;3
track_0_1190;;4;2;0;3
track_0_1191;;0;0;1;4
track_0_1192;;0;0;1;5
track_0_1193;;0;0;0;2
track_0_1194;;0;1;0;4
track_0_1195;;0;0;0;3
track_0_1196;;0;0;1;4
track_0_1197;;0;3;1;4
track_0_1198;;78;0;1;5
track_0_1199;;0;2;1;5
track_0_12;;20;1;2;9
track_0_120;;20;1;2;9
track_0_1200;;0;0;0;4
track_0_1201;;0;0;1;3
track_0_1202;;7;2;0;5
track_0_1203;;0;0;1;4
track_0_1204;;12;3;1;4
track_0_1205;;0;0;0;2
track_0_1206;;15;0;1;3
track_0_1207;;0;0;1;3
track_0_1208;;20;0;1;4
track_0_1209;;0;0;0;1
track_0_121;;12;1;2;7
track_0_1210;;0;0;0;1
track_0_1211;;0;0;0;2
track_0_1212;;0;0;0;2
track_0_1213;;0;1;0;4
track_0_1214;;0;0;0;3
track_0_1215;;0;0;1;4
track_0_1216;;14;3;1;4
track_0_1217;;6;0;0;2
track_0_1218;;15;0;1;3
track_0_1219;;0;0;0;2
track_0_122;;78;0;2;5
track_0_1220;;0;0;0;2
track_0_1221;;0;0;0;4
track_0_1222;;0;0;0;2
track_0_1223;;0;0;0;2
track_0_1224;;12;3;2;5
track_0_1225;;0;0;0;3
track_0_1226;;0;3;1;4
track_0_1227;;15;0;1;3
track_0_1228;;0;0;0;1
track_0_1229;;0;0;0;1
track_0_123;;89;0;0;4
track_0_1230;;24;0;1;5
track_0_1231;;15;0;1;4
track_0_1232;;0;0;0;4
track_0_1233;;0;3;1;5
track_0_1234;;15;0;1;4
track_0_1235;;0;0;0;3
track_0_1236;;18;0;0;4
track_0_1237;;0;0;1;3
track_0_1238;;18;0;2;6
track_0_1239;;0;0;0;3
track_0_124;;0;0;1;5
track_0_1240;;0;0;1;4
track_0_1241;;12;0;1;4
track_0_1242;;0;0;1;3
track_0_1243;;0;2;1;4
track_0_1244;;15;0;1;3
track_0_1245;;0;0;1;4
track_0_1246;;24;0;1;4
track_0_1247;;15;0;1;3
track_0_1248;;12;0;1;3
track_0_1249;;5;0;0;2
track_0_125;;78;0;0;4
track_0_1250;;0;0;1;3
track_0_1251;;0;0;1;4
track_0_1252;;0;0;0;3
track_0_1253;;0;0;0;2
track_0_1254;;0;0;1;3
track_0_1255;;4;2;0;3
track_0_1256;;0;0;1;4
track_0_1257;;0;0;1;5
track_0_1258;;0;0;0;2
track_0_1259;;0;1;0;4
track_0_126;;0;1;0;4
track_0_1260;;0;0;0;3
track_0_1261;;0;0;1;4
track_0_1262;;0;3;1;4
track_0_1263;;78;0;1;5
track_0_1264;;0;2;1;5
track_0_1265;;0;0;0;4
track_0_1266;;0;0;1;3
track_0_1267;;7;2;0;5
track_0_1268;;0;0;1;4
track_0_1269;;12;3;1;4
track_0_127;;0;0;0;3
track_0_1270;;0;0;0;2
track_0_1271;;15;0;1;3
track_0_1272;;0;0;1;3
track_0_1273;;20;0;1;4
track_0_1274;;0;0;0;1
track_0_1275;;0;0;0;1
track_0_1276;;0;0;0;2
track_0_1277;;0;0;0;2
track_0_1278;;0;1;0;4
track_0_1279;;0;0;0;3
track_0_128;;0;0;0;4
track_0_1280;;0;0;1;4
track_0_1281;;14;3;1;4
track_0_1282;;6;0;0;2
track_0_1283;;15;0;1;3
track_0_1284;;0;0;0;2
track_0_1285;;0;0;0;2
track_0_1286;;0;0;0;4
track_0_1287;;0;0;0;2
track_0_1288;;0;0;0;2
track_0_1289;;12;3;2;5
track_0_129;;14;3;1;4
track_0_1290;;0;0;0;3
track_0_1291;;0;3;1;4
track_0_1292;;15;0;1;3
track_0_1293;;0;0;0;1
track_0_1294;;0;0;0;1
track_0_1295;;24;0;1;5
track_0_1296;;15;0;1;4
track_0_1297;;0;0;0;4
track_0_1298;;0;3;1;5
track_0_1299;;15;0;1;4
track_0_13;;12;1;2;7
track_0_130;;0;0;1;3
track_0_1300;;0;0;0;3
track_0_1301;;18;0;0;4
track_0_1302;;0;0;1;3
track_0_1303;;18;0;2;6
track_0_1304;;0;0;0;3
track_0_1305;;0;0;1;4
track_0_1306;;12;0;1;4
track_0_1307;;0;0;1;3
track_0_1308;;0;2;1;4
track_0_1309;;15;0;1;3
track_0_131;;0;2;1;4
track_0_1310;;0;0;1;4
track_0_1311;;24;0;1;4
track_0_1312;;15;0;1;3
track_0_1313;;12;0;1;3
track_0_1314;;5;0;0;2
track_0_1315;;0;0;1;3
track_0_1316;;0;0;1;4
track_0_1317;;0;0;0;3
track_0_1318;;0;0;0;2
track_0_1319;;0;0;1;3
track_0_132;;0;2;0;3
track_0_1320;;4;2;0;3
track_0_1321;;0;0;1;4
track_0_1322;;0;0;1;5
track_0_1323;;0;0;0;2
track_0_1324;;0;1;0;4
track_0_1325;;0;0;0;3
track_0_1326;;0;0;1;4
track_0_1327;;0;3;1;4
track_0_1328;;78;0;1;5
track_0_1329;;0;2;1;5
track_0_133;;29;0;0;2
track_0_1330;;0;0;0;4
track_0_1331;;0;0;1;3
track_0_1332;;7;2;0;5
track_0_1333;;0;0;1;4
track_0_1334;;12;3;1;4
track_0_1335;;0;0;0;2
track_0_1336;;15;0;1;3
track_0_1337;;0;0;1;3
track_0_1338;;20;0;1;4
track_0_1339;;0;0;0;1
track_0_134;;0;2;1;5
track_0_1340;;0;0;0;1
track_0_1341;;0;0;0;2
track_0_1342;;0;0;0;2
track_0_1343;;0;1;0;4
track_0_1344;;0;0;0;3
track_0_1345;;0;0;1;4
track_0_1346;;14;3;1;4
track_0_1347;;6;0;0;2
track_0_1348;;15;0;1;3
track_0_1349;;0;0;0;2
track_0_135;;0;0;0;4
track_0_1350;;0;0;0;2
track_0_1351;;0;0;0;4
track_0_1352;;0;0;0;2
track_0_1353;;0;0;0;2
track_0_1354;;12;3;2;5
track_0_1355;;0;0;0;3
track_0_1356;;0;3;1;4
track_0_1357;;15;0;1;3
track_0_1358;;0;0;0;1
track_0_1359;;0;0;0;1
track_0_136;;0;0;1;5
track_0_1360;;24;0;1;5
track_0_1361;;15;0;1;4
track_0_1362;;0;0;0;4
track_0_1363;;0;3;1;5
track_0_1364;;15;0;1;4
track_0_1365;;0;0;0;3
track_0_1366;;18;0;0;4
track_0_1367;;0;0;1;3
track_0_1368;;18;0;2;6
track_0_1369;;0;0;0;3
track_0_137;;0;0;0;2
track_0_1370;;0;0;1;4
track_0_1371;;12;0;1;4
track_0_1372;;0;0;1;3
track_0_1373;;0;2;1;4
track_0_1374;;15;0;1;3
track_0_1375;;0;0;1;4
track_0_1376;;24;0;1;4
track_0_1377;;15;0;1;3
track_0_1378;;12;0;1;3
track_0_1379;;5;0;0;2
track_0_138;;0;0;1;4
track_0_1380;;0;0;1;3
track_0_1381;;0;0;1;4
track_0_1382;;0;0;0;3
track_0_1383;;0;0;0;2
track_0_1384;;0;0;1;3
track_0_1385;;4;2;0;3
track_0_1386;;0;0;1;4
track_0_1387;;0;0;1;5
track_0_1388;;0;0;0;2
track_0_1389;;0;1;0;4
track_0_139;;0;3;1;5
track_0_1390;;0;0;0;3
track_0_1391;;0;0;1;4
track_0_1392;;0;3;1;4
track_0_1393;;78;0;1;5
track_0_1394;;0;2;1;5
track_0_1395;;0;0;0;4
track_0_1396;;0;0;1;3
track_0_1397;;7;2;0;5
track_0_1398;;0;0;1;4
track_0_1399;;12;3;1;4
track_0_14;;78;0;2;5
track_0_140;;120;0;1;5
track_0_1400;;0;0;0;2
track_0_1401;;15;0;1;3
track_0_1402;;0;0;1;3
track_0_1403;;20;0;1;4
track_0_1404;;0;0;0;1
track_0_1405;;0;0;0;1
track_0_1406;;0;0;0;2
track_0_1407;;0;0;0;2
track_0_1408;;0;1;0;4
track_0_1409;;0;0;0;3
track_0_141;;0;0;1;4
track_0_1410;;0;0;1;4
track_0_1411;;14;3;1;4
track_0_1412;;6;0;0;2
track_0_1413;;15;0;1;3
track_0_1414;;0;0;0;2
track_0_1415;;0;0;0;2
track_0_1416;;0;0;0;4
track_0_1417;;0;0;0;2
track_0_1418;;0;0;0;2
track_0_1419;;12;3;2;5
track_0_142;;78;0;0;4
track_0_1420;;0;0;0;3
track_0_1421;;0;3;1;4
track_0_1422;;15;0;1;3
track_0_1423;;0;0;0;1
track_0_1424;;0;0;0;1
track_0_1425;;24;0;1;5
track_0_1426;;15;0;1;4
track_0_1427;;0;0;0;4
track_0_1428;;0;3;1;5
track_0_1429;;15;0;1;4
track_0_143;;0;0;0;4
track_0_1430;;0;0;0;3
track_0_1431;;18;0;0;4
track_0_1432;;0;0;1;3
track_0_1433;;18;0;2;6
track_0_1434;;0;0;0;3
track_0_1435;;0;0;1;4
track_0_1436;;12;0;1;4
track_0_1437;;0;0;1;3
track_0_1438;;0;2;1;4
track_0_1439;;15;0;1;3
track_0_144;;18;0;0;4
track_0_1440;;0;0;1;4
track_0_1441;;24;0;1;4
track_0_1442;;15;0;1;3
track_0_1443;;12;0;1;3
track_0_1444;;5;0;0;2
track_0_1445;;0;0;1;3
track_0_1446;;0;0;1;4
track_0_1447;;0;0;0;3
track_0_1448;;0;0;0;2
track_0_1449;;0;0;1;3
track_0_145;;0;0;1;3
track_0_1450;;4;2;0;3
track_0_1451;;0;0;1;4
track_0_1452;;0;0;1;5
track_0_1453;;0;0;0;2
track_0_1454;;0;1;0;4
track_0_1455;;0;0;0;3
track_0_1456;;0;0;1;4
track_0_1457;;0;3;1;4
track_0_1458;;78;0;1;5
track_0_1459;;0;2;1;5
track_0_146;;0;1;1;5
track_0_1460;;0;0;0;4
track_0_1461;;0;0;1;3
track_0_1462;;7;2;0;5
track_0_1463;;0;0;1;4
track_0_1464;;12;3;1;4
track_0_1465;;0;0;0;2
track_0_1466;;15;0;1;3
track_0_1467;;0;0;1;3
track_0_1468;;20;0;1;4
track_0_1469;;0;0;0;1
track_0_147;;26;0;0;4
track_0_1470;;0;0;0;1
track_0_1471;;0;0;0;2
track_0_1472;;0;0;0;2
track_0_1473;;0;1;0;4
track_0_1474;;0;0;0;3
track_0_1475;;0;0;1;4
track_0_1476;;14;3;1;4
track_0_1477;;6;0;0;2
track_0_1478;;15;0;1;3
track_0_1479;;0;0;0;2
track_0_148;;0;0;0;3
track_0_1480;;0;0;0;2
track_0_1481;;0;0;0;4
track_0_1482;;0;0;0;2
track_0_1483;;0;0;0;2
track_0_1484;;12;3;2;5
track_0_1485;;0;0;0;3
track_0_1486;;0;3;1;4
track_0_1487;;15;0;1;3
track_0_1488;;0;0;0;1
track_0_1489;;0;0;0;1
track_0_149;;0;0;0;2
track_0_1490;;24;0;1;5
track_0_1491;;15;0;1;4
track_0_1492;;0;0;0;4
track_0_1493;;0;3;1;5
track_0_1494;;15;0;1;4
track_0_1495;;0;0;0;3
track_0_1496;;18;0;0;4
track_0_1497;;0;0;1;3
track_0_1498;;18;0;2;6
track_0_1499;;0;0;0;3
track_0_15;;89;0;0;4
track_0_150;;0;0;0;4
track_0_1500;;0;0;1;4
track_0_1501;;12;0;1;4
track_0_1502;;0;0;1;3
track_0_1503;;0;2;1;4
track_0_1504;;15;0;1;3
track_0_1505;;0;0;1;4
track_0_1506;;24;0;1;4
track_0_1507;;15;0;1;3
track_0_1508;;12;0;1;3
track_0_1509;;5;0;0;2
track_0_151;;6;0;0;6
track_0_1510;;0;0;1;3
track_0_1511;;0;0;1;4
track_0_1512;;0;0;0;3
track_0_1513;;0;0;0;2
track_0_1514;;0;0;1;3
track_0_1515;;4;2;0;3
track_0_1516;;0;0;1;4
track_0_1517;;0;0;1;5
track_0_1518;;0;0;0;2
track_0_1519;;0;1;0;4
track_0_152;;12;3;2;5
track_0_1520;;0;0;0;3
track_0_1521;;0;0;1;4
track_0_1522;;0;3;1;4
track_0_1523;;78;0;1;5
track_0_1524;;0;2;1;5
track_0_1525;;0;0;0;4
track_0_1526;;0;0;1;3
track_0_1527;;7;2;0;5
track_0_1528;;0;0;1;4
track_0_1529;;12;3;1;4
track_0_153;;0;0;0;4
track_0_1530;;0;0;0;2
track_0_1531;;15;0;1;3
track_0_1532;;0;0;1;3
track_0_1533;;20;0;1;4
track_0_1534;;0;0;0;1
track_0_1535;;0;0;0;1
track_0_1536;;0;0;0;2
track_0_1537;;0;0;0;2
track_0_1538;;0;1;0;4
track_0_1539;;0;0;0;3
track_0_154;;0;0;0;4
track_0_1540;;0;0;1;4
track_0_1541;;14;3;1;4
track_0_1542;;6;0;0;2
track_0_1543;;15;0;1;3
track_0_1544;;0;0;0;2
track_0_1545;;0;0;0;2
track_0_1546;;0;0;0;4
track_0_1547;;0;0;0;2
track_0_1548;;0;0;0;2
track_0_1549;;12;3;2;5
track_0_155;;0;0;1;3
track_0_1550;;0;0;0;3
track_0_1551;;0;3;1;4
track_0_1552;;15;0;1;3
track_0_1553;;0;0;0;1
track_0_1554;;0;0;0;1
track_0_1555;;24;0;1;5
track_0_1556;;15;0;1;4
track_0_1557;;0;0;0;4
track_0_1558;;0;3;1;5
track_0_1559;;15;0;1;4
track_0_156;;7;2;1;5
track_0_1560;;0;0;0;3
track_0_1561;;18;0;0;4
track_0_1562;;0;0;1;3
track_0_1563;;18;0;2;6
track_0_1564;;0;0;0;3
track_0_1565;;0;0;1;4
track_0_1566;;12;0;1;4
track_0_1567;;0;0;1;3
track_0_1568;;0;2;1;4
track_0_1569;;15;0;1;3
track_0_157;;26;0;1;5
track_0_1570;;0;0;1;4
track_0_1571;;24;0;1;4
track_0_1572;;15;0;1;3
track_0_1573;;12;0;1;3
track_0_1574;;5;0;0;2
track_0_1575;;0;0;1;3
track_0_1576;;0;0;1;4
track_0_1577;;0;0;0;3
track_0_1578;;0;0;0;2
track_0_1579;;0;0;1;3
track_0_158;;0;3;1;4
track_0_1580;;4;2;0;3
track_0_1581;;0;0;1;4
track_0_1582;;0;0;1;5
track_0_1583;;0;0;0;2
track_0_1584;;0;1;0;4
track_0_1585;;0;0;0;3
track_0_1586;;0;0;1;4
track_0_1587;;0;3;1;4
track_0_1588;;78;0;1;5
track_0_1589;;0;2;1;5
track_0_159;;0;0;0;1
track_0_1590;;0;0;0;4
track_0_1591;;0;0;1;3
track_0_1592;;7;2;0;5
track_0_1593;;0;0;1;4
track_0_1594;;12;3;1;4
track_0_1595;;0;0;0;2
track_0_1596;;15;0;1;3
track_0_1597;;0;0;1;3
track_0_1598;;20;0;1;4
track_0_1599;;0;0;0;1
track_0_16;;0;0;1;5
track_0_160;;0;0;0;2
track_0_1600;;0;0;0;1
track_0_1601;;0;0;0;2
track_0_1602;;0;0;0;2
track_0_1603;;0;1;0;4
track_0_1604;;0;0;0;3
track_0_1605;;0;0;1;4
track_0_1606;;14;3;1;4
track_0_1607;;6;0;0;2
track_0_1608;;15;0;1;3
track_0_1609;;0;0;0;2
track_0_161;;0;0;0;1
track_0_1610;;0;0;0;2
track_0_1611;;0;0;0;4
track_0_1612;;0;0;0;2
track_0_1613;;0;0;0;2
track_0_1614;;12;3;2;5
track_0_1615;;0;0;0;3
track_0_1616;;0;3;1;4
track_0_1617;;15;0;1;3
track_0_1618;;0;0;0;1
track_0_1619;;0;0;0;1
track_0_162;;15;0;1;5
track_0_1620;;24;0;1;5
track_0_1621;;15;0;1;4
track_0_1622;;0;0;0;4
track_0_1623;;0;3;1;5
track_0_1624;;15;0;1;4
track_0_1625;;0;0;0;3
track_0_1626;;18;0;0;4
track_0_1627;;0;0;1;3
track_0_1628;;18;0;2;6
track_0_1629;;0;0;0;3
track_0_163;;12;1;2;7
track_0_1630;;0;0;1;4
track_0_1631;;12;0;1;4
track_0_1632;;0;0;1;3
track_0_1633;;0;2;1;4
track_0_1634;;15;0;1;3
track_0_1635;;0;0;1;4
track_0_1636;;24;0;1;4
track_0_1637;;15;0;1;3
track_0_1638;;12;0;1;3
track_0_1639;;5;0;0;2
track_0_164;;12;0;1;3
track_0_1640;;0;0;1;3
track_0_1641;;0;0;1;4
track_0_1642;;0;0;0;3
track_0_1643;;0;0;0;2
track_0_1644;;0;0;1;3
track_0_1645;;4;2;0;3
track_0_1646;;0;0;1;4
track_0_1647;;0;0;1;5
track_0_1648;;0;0;0;2
track_0_1649;;0;1;0;4
track_0_165;;0;0;0;1
track_0_1650;;0;0;0;3
track_0_1651;;0;0;1;4
track_0_1652;;0;3;1;4
track_0_1653;;78;0;1;5
track_0_1654;;0;2;1;5
track_0_1655;;0;0;0;4
track_0_1656;;0;0;1;3
track_0_1657;;7;2;0;5
track_0_1658;;0;0;1;4
track_0_1659;;12;3;1;4
track_0_166;;78;0;2;5
track_0_1660;;0;0;0;2
track_0_1661;;15;0;1;3
track_0_1662;;0;0;1;3
track_0_1663;;20;0;1;4
track_0_1664;;0;0;0;1
track_0_1665;;0;0;0;1
track_0_1666;;0;0;0;2
track_0_1667;;0;0;0;2
track_0_1668;;0;1;0;4
track_0_1669;;0;0;0;3
track_0_167;;12;2;2;8
track_0_1670;;0;0;1;4
track_0_1671;;14;3;1;4
track_0_1672;;6;0;0;2
track_0_1673;;15;0;1;3
track_0_1674;;0;0;0;2
track_0_1675;;0;0;0;2
track_0_1676;;0;0;0;4
track_0_1677;;0;0;0;2
track_0_1678;;0;0;0;2
track_0_1679;;12;3;2;5
track_0_168;;0;0;1;4
track_0_1680;;0;0;0;3
track_0_1681;;0;3;1;4
track_0_1682;;15;0;1;3
track_0_1683;;0;0;0;1
track_0_1684;;0;0;0;1
track_0_1685;;24;0;1;5
track_0_1686;;15;0;1;4
track_0_1687;;0;0;0;4
track_0_1688;;0;3;1;5
track_0_1689;;15;0;1;4
track_0_169;;12;3;1;4
track_0_1690;;0;0;0;3
track_0_1691;;18;0;0;4
track_0_1692;;0;0;1;3
track_0_1693;;18;0;2;6
track_0_1694;;0;0;0;3
track_0_1695;;0;0;1;4
track_0_1696;;12;0;1;4
track_0_1697;;0;0;1;3
track_0_1698;;0;2;1;4
track_0_1699;;15;0;1;3
track_0_17;;78;0;0;4
track_0_170;;26;0;0;3
track_0_1700;;0;0;1;4
track_0_1701;;24;0;1;4
track_0_1702;;15;0;1;3
track_0_1703;;12;0;1;3
track_0_1704;;5;0;0;2
track_0_1705;;0;0;1;3
track_0_1706;;0;0;1;4
track_0_1707;;0;0;0;3
track_0_1708;;0;0;0;2
track_0_1709;;0;0;1;3
track_0_171;;24;0;1;5
track_0_1710;;4;2;0;3
track_0_1711;;0;0;1;4
track_0_1712;;0;0;1;5
track_0_1713;;0;0;0;2
track_0_1714;;0;1;0;4
track_0_1715;;0;0;0;3
track_0_1716;;0;0;1;4
track_0_1717;;0;3;1;4
track_0_1718;;78;0;1;5
track_0_1719;;0;2;1;5
track_0_172;;5;0;1;4
track_0_1720;;0;0;0;4
track_0_1721;;0;0;1;3
track_0_1722;;7;2;0;5
track_0_1723;;0;0;1;4
track_0_1724;;12;3;1;4
track_0_1725;;0;0;0;2
track_0_1726;;15;0;1;3
track_0_1727;;0;0;1;3
track_0_1728;;20;0;1;4
track_0_1729;;0;0;0;1
track_0_173;;0;0;0;4
track_0_1730;;0;0;0;1
track_0_1731;;0;0;0;2
track_0_1732;;0;0;0;2
track_0_1733;;0;1;0;4
track_0_1734;;0;0;0;3
track_0_1735;;0;0;1;4
track_0_1736;;14;3;1;4
track_0_1737;;6;0;0;2
track_0_1738;;15;0;1;3
track_0_1739;;0;0;0;2
track_0_174;;0;3;1;4
track_0_1740;;0;0;0;2
track_0_1741;;0;0;0;4
track_0_1742;;0;0;0;2
track_0_1743;;0;0;0;2
track_0_1744;;12;3;2;5
track_0_1745;;0;0;0;3
track_0_1746;;0;3;1;4
track_0_1747;;15;0;1;3
track_0_1748;;0;0;0;1
track_0_1749;;0;0;0;1
track_0_175;;78;0;1;5
track_0_1750;;24;0;1;5
track_0_1751;;15;0;1;4
track_0_1752;;0;0;0;4
track_0_1753;;0;3;1;5
track_0_1754;;15;0;1;4
track_0_1755;;0;0;0;3
track_0_1756;;18;0;0;4
track_0_1757;;0;0;1;3
track_0_1758;;18;0;2;6
track_0_1759;;0;0;0;3
track_0_176;;0;0;1;3
track_0_1760;;0;0;1;4
track_0_1761;;12;0;1;4
track_0_1762;;0;0;1;3
track_0_1763;;0;2;1;4
track_0_1764;;15;0;1;3
track_0_1765;;0;0;1;4
track_0_1766;;24;0;1;4
track_0_1767;;15;0;1;3
track_0_1768;;12;0;1;3
track_0_1769;;5;0;0;2
track_0_177;;78;0;1;5
track_0_1770;;0;0;1;3
track_0_1771;;0;0;1;4
track_0_1772;;0;0;0;3
track_0_1773;;0;0;0;2
track_0_1774;;0;0;1;3
track_0_1775;;4;2;0;3
track_0_1776;;0;0;1;4
track_0_1777;;0;0;1;5
track_0_1778;;0;0;0;2
track_0_1779;;0;1;0;4
track_0_178;;89;0;0;4
track_0_1780;;0;0;0;3
track_0_1781;;0;0;1;4
track_0_1782;;0;3;1;4
track_0_1783;;78;0;1;5
track_0_1784;;0;2;1;5
track_0_1785;;0;0;0;4
track_0_1786;;0;0;1;3
track_0_1787;;7;2;0;5
track_0_1788;;0;0;1;4
track_0_1789;;12;3;1;4
track_0_179;;0;0;1;5
track_0_1790;;0;0;0;2
track_0_1791;;15;0;1;3
track_0_1792;;0;0;1;3
track_0_1793;;20;0;1;4
track_0_1794;;0;0;0;1
track_0_1795;;0;0;0;1
track_0_1796;;0;0;0;2
track_0_1797;;0;0;0;2
track_0_1798;;0;1;0;4
track_0_1799;;0;0;0;3
track_0_18;;0;1;0;4
track_0_180;;78;0;0;4
track_0_1800;;0;0;1;4
track_0_1801;;14;3;1;4
track_0_1802;;6;0;0;2
track_0_1803;;15;0;1;3
track_0_1804;;0;0;0;2
track_0_1805;;0;0;0;2
track_0_1806;;0;0;0;4
track_0_1807;;0;0;0;2
track_0_1808;;0;0;0;2
track_0_1809;;12;3;2;5
track_0_181;;0;1;0;4
track_0_1810;;0;0;0;3
track_0_1811;;0;3;1;4
track_0_1812;;15;0;1;3
track_0_1813;;0;0;0;1
track_0_1814;;0;0;0;1
track_0_1815;;24;0;1;5
track_0_1816;;15;0;1;4
track_0_1817;;0;0;0;4
track_0_1818;;0;3;1;5
track_0_1819;;15;0;1;4
track_0_182;;0;0;0;3
track_0_1820;;0;0;0;3
track_0_1821;;18;0;0;4
track_0_1822;;0;0;1;3
track_0_1823;;18;0;2;6
track_0_1824;;0;0;0;3
track_0_1825;;0;0;1;4
track_0_1826;;12;0;1;4
track_0_1827;;0;0;1;3
track_0_1828;;0;2;1;4
track_0_1829;;15;0;1;3
track_0_183;;0;0;1;4
track_0_1830;;0;0;1;4
track_0_1831;;24;0;1;4
track_0_1832;;15;0;1;3
track_0_1833;;12;0;1;3
track_0_1834;;5;0;0;2
track_0_1835;;0;0;1;3
track_0_1836;;0;0;1;4
track_0_1837;;0;0;0;3
track_0_1838;;0;0;0;2
track_0_1839;;0;0;1;3
track_0_184;;14;3;1;4
track_0_1840;;4;2;0;3
track_0_1841;;0;0;1;4
track_0_1842;;0;0;1;5
track_0_1843;;0;0;0;2
track_0_1844;;0;1;0;4
track_0_1845;;0;0;0;3
track_0_1846;;0;0;1;4
track_0_1847;;0;3;1;4
track_0_1848;;78;0;1;5
track_0_1849;;0;2;1;5
track_0_185;;0;0;1;3
track_0_1850;;0;0;0;4
track_0_1851;;0;0;1;3
track_0_1852;;7;2;0;5
track_0_1853;;0;0;1;4
track_0_1854;;12;3;1;4
track_0_1855;;0;0;0;2
track_0_1856;;15;0;1;3
track_0_1857;;0;0;1;3
track_0_1858;;20;0;1;4
track_0_1859;;0;0;0;1
track_0_186;;0;2;1;4
track_0_1860;;0;0;0;1
track_0_1861;;0;0;0;2
track_0_1862;;0;0;0;2
track_0_1863;;0;1;0;4
track_0_1864;;0;0;0;3
track_0_1865;;0;0;1;4
track_0_1866;;14;3;1;4
track_0_1867;;6;0;0;2
track_0_1868;;15;0;1;3
track_0_1869;;0;0;0;2
track_0_187;;0;2;0;3
track_0_1870;;0;0;0;2
track_0_1871;;0;0;0;4
track_0_1872;;0;0;0;2
track_0_1873;;0;0;0;2
track_0_1874;;12;3;2;5
track_0_1875;;0;0;0;3
track_0_1876;;0;3;1;4
track_0_1877;;15;0;1;3
track_0_1878;;0;0;0;1
track_0_1879;;0;0;0;1
track_0_188;;29;0;0;2
track_0_1880;;24;0;1;5
track_0_1881;;15;0;1;4
track_0_1882;;0;0;0;4
track_0_1883;;0;3;1;5
track_0_1884;;15;0;1;4
track_0_1885;;0;0;0;3
track_0_1886;;18;0;0;4
track_0_1887;;0;0;1;3
track_0_1888;;18;0;2;6
track_0_1889;;0;0;0;3
track_0_189;;0;2;1;5
track_0_1890;;0;0;1;4
track_0_1891;;12;0;1;4
track_0_1892;;0;0;1;3
track_0_1893;;0;2;1;4
track_0_1894;;15;0;1;3
track_0_1895;;0;0;1;4
track_0_1896;;24;0;1;4
track_0_1897;;15;0;1;3
track_0_1898;;12;0;1;3
track_0_1899;;5;0;0;2
track_0_19;;0;0;0;3
track_0_190;;0;0;0;4
track_0_1900;;0;0;1;3
track_0_1901;;0;0;1;4
track_0_1902;;0;0;0;3
track_0_1903;;0;0;0;2
track_0_1904;;0;0;1;3
track_0_1905;;4;2;0;3
track_0_1906;;0;0;1;4
track_0_1907;;0;0;1;5
track_0_1908;;0;0;0;2
track_0_1909;;0;1;0;4
track_0_191;;0;0;0;5
track_0_1910;;0;0;0;3
track_0_1911;;0;0;1;4
track_0_1912;;0;3;1;4
track_0_1913;;78;0;1;5
track_0_1914;;0;2;1;5
track_0_1915;;0;0;0;4
track_0_1916;;0;0;1;3
track_0_1917;;7;2;0;5
track_0_1918;;0;0;1;4
track_0_1919;;12;3;1;4
track_0_192;;0;0;0;2
track_0_1920;;0;0;0;2
track_0_1921;;15;0;1;3
track_0_1922;;0;0;1;3
track_0_1923;;20;0;1;4
track_0_1924;;0;0;0;1
track_0_1925;;0;0;0;1
track_0_1926;;0;0;0;2
track_0_1927;;0;0;0;2
track_0_1928;;0;1;0;4
track_0_1929;;0;0;0;3
track_0_193;;0;0;1;4
track_0_1930;;0;0;1;4
track_0_1931;;14;3;1;4
track_0_1932;;6;0;0;2
track_0_1933;;15;0;1;3
track_0_1934;;0;0;0;2
track_0_1935;;0;0;0;2
track_0_1936;;0;0;0;4
track_0_1937;;0;0;0;2
track_0_1938;;0;0;0;2
track_0_1939;;12;3;2;5
track_0_194;;4;3;1;5
track_0_1940;;0;0;0;3
track_0_1941;;0;3;1;4
track_0_1942;;15;0;1;3
track_0_1943;;0;0;0;1
track_0_1944;;0;0;0;1
track_0_1945;;24;0;1;5
track_0_1946;;15;0;1;4
track_0_1947;;0;0;0;4
track_0_1948;;0;3;1;5
track_0_1949;;15;0;1;4
track_0_195;;120;0;1;5
track_0_1950;;0;0;0;3
track_0_1951;;18;0;0;4
track_0_1952;;0;0;1;3
track_0_1953;;18;0;2;6
track_0_1954;;0;0;0;3
track_0_1955;;0;0;1;4
track_0_1956;;12;0;1;4
track_0_1957;;0;0;1;3
track_0_1958;;0;2;1;4
track_0_1959;;15;0;1;3
track_0_196;;0;0;1;3
track_0_1960;;0;0;1;4
track_0_1961;;24;0;1;4
track_0_1962;;15;0;1;3
track_0_1963;;12;0;1;3
track_0_1964;;5;0;0;2
track_0_1965;;0;0;1;3
track_0_1966;;0;0;1;4
track_0_1967;;0;0;0;3
track_0_1968;;0;0;0;2
track_0_1969;;0;0;1;3
track_0_197;;0;0;1;4
track_0_1970;;4;2;0;3
track_0_1971;;0;0;1;4
track_0_1972;;0;0;1;5
track_0_1973;;0;0;0;2
track_0_1974;;0;1;0;4
track_0_1975;;0;0;0;3
track_0_1976;;0;0;1;4
track_0_1977;;0;3;1;4
track_0_1978;;78;0;1;5
track_0_1979;;0;2;1;5
track_0_198;;36;0;0;4
track_0_1980;;0;0;0;4
track_0_1981;;0;0;1;3
track_0_1982;;7;2;0;5
track_0_1983;;0;0;1;4
track_0_1984;;12;3;1;4
track_0_1985;;0;0;0;2
track_0_1986;;15;0;1;3
track_0_1987;;0;0;1;3
track_0_1988;;20;0;1;4
track_0_1989;;0;0;0;1
track_0_199;;0;0;0;4
track_0_1990;;0;0;0;1
track_0_1991;;0;0;0;2
track_0_1992;;0;0;0;2
track_0_1993;;0;1;0;4
track_0_1994;;0;0;0;3
track_0_1995;;0;0;1;4
track_0_1996;;14;3;1;4
track_0_1997;;6;0;0;2
track_0_1998;;15;0;1;3
track_0_1999;;0;0;0;2
track_0_2;;26;0;2;5
track_0_20;;0;0;0;4
track_0_200;;18;0;0;4
track_0_2000;;0;0;0;2
track_0_2001;;0;0;0;4
track_0_2002;;0;0;0;2
track_0_2003;;0;0;0;2
track_0_2004;;12;3;2;5
track_0_2005;;0;0;0;3
track_0_2006;;0;3;1;4
track_0_2007;;15;0;1;3
track_0_2008;;0;0;0;1
track_0_2009;;0;0;0;1
track_0_201;;0;0;1;3
track_0_2010;;24;0;1;5
track_0_2011;;15;0;1;4
track_0_2012;;0;0;0;4
track_0_2013;;0;3;1;5
track_0_2014;;15;0;1;4
track_0_2015;;0;0;0;3
track_0_2016;;18;0;0;4
track_0_2017;;0;0;1;3
track_0_2018;;18;0;2;6
track_0_2019;;0;0;0;3
track_0_202;;0;3;1;5
track_0_2020;;0;0;1;4
track_0_2021;;12;0;1;4
track_0_2022;;0;0;1;3
track_0_2023;;0;2;1;4
track_0_2024;;15;0;1;3
track_0_2025;;0;0;1;4
track_0_2026;;24;0;1;4
track_0_2027;;15;0;1;3
track_0_2028;;12;0;1;3
track_0_2029;;5;0;0;2
track_0_203;;26;0;0;4
track_0_2030;;0;0;1;3
track_0_2031;;0;0;1;4
track_0_2032;;0;0;0;3
track_0_2033;;0;0;0;2
track_0_2034;;0;0;1;3
track_0_2035;;4;2;0;3
track_0_2036;;0;0;1;4
track_0_2037;;0;0;1;5
track_0_2038;;0;0;0;2
track_0_2039;;0;1;0;4
track_0_204;;0;0;0;3
track_0_2040;;0;0;0;3
track_0_2041;;0;0;1;4
track_0_2042;;0;3;1;4
track_0_2043;;78;0;1;5
track_0_2044;;0;2;1;5
track_0_2045;;0;0;0;4
track_0_2046;;0;0;1;3
track_0_2047;;7;2;0;5
track_0_2048;;0;0;1;4
track_0_2049;;12;3;1;4
track_0_205;;0;0;0;2
track_0_2050;;0;0;0;2
track_0_2051;;15;0;1;3
track_0_2052;;0;0;1;3
track_0_2053;;20;0;1;4
track_0_2054;;0;0;0;1
track_0_2055;;0;0;0;1
track_0_2056;;0;0;0;2
track_0_2057;;0;0;0;2
track_0_2058;;0;1;0;4
track_0_2059;;0;0;0;3
track_0_206;;0;0;0;4
track_0_2060;;0;0;1;4
track_0_2061;;14;3;1;4
track_0_2062;;6;0;0;2
track_0_2063;;15;0;1;3
track_0_2064;;0;0;0;2
track_0_2065;;0;0;0;2
track_0_2066;;0;0;0;4
track_0_2067;;0;0;0;2
track_0_2068;;0;0;0;2
track_0_2069;;12;3;2;5
track_0_207;;18;0;1;6
track_0_2070;;0;0;0;3
track_0_2071;;0;3;1;4
track_0_2072;;15;0;1;3
track_0_2073;;0;0;0;1
track_0_2074;;0;0;0;1
track_0_2075;;24;0;1;5
track_0_2076;;15;0;1;4
track_0_2077;;0;0;0;4
track_0_2078;;0;3;1;5
track_0_2079;;15;0;1;4
track_0_208;;0;0;0;4
track_0_2080;;0;0;0;3
track_0_2081;;18;0;0;4
track_0_2082;;0;0;1;3
track_0_2083;;18;0;2;6
track_0_2084;;0;0;0;3
track_0_2085;;0;0;1;4
track_0_2086;;12;0;1;4
track_0_2087;;0;0;1;3
track_0_2088;;0;2;1;4
track_0_2089;;15;0;1;3
track_0_209;;0;0;0;4
track_0_2090;;0;0;1;4
track_0_2091;;24;0;1;4
track_0_2092;;15;0;1;3
track_0_2093;;12;0;1;3
track_0_2094;;5;0;0;2
track_0_2095;;0;0;1;3
track_0_2096;;0;0;1;4
track_0_2097;;0;0;0;3
track_0_2098;;0;0;0;2
track_0_2099;;0;0;1;3
track_0_21;;14;3;1;4
track_0_210;;12;3;2;5
track_0_2100;;4;2;0;3
track_0_2101;;0;0;1;4
track_0_2102;;0;0;1;5
track_0_2103;;0;0;0;2
track_0_2104;;0;1;0;4
track_0_2105;;0;0;0;3
track_0_2106;;0;0;1;4
track_0_2107;;0;3;1;4
track_0_2108;;78;0;1;5
track_0_2109;;0;2;1;5
track_0_211;;0;0;1;3
track_0_2110;;0;0;0;4
track_0_2111;;0;0;1;3
track_0_2112;;7;2;0;5
track_0_2113;;0;0;1;4
track_0_2114;;12;3;1;4
track_0_2115;;0;0;0;2
track_0_2116;;15;0;1;3
track_0_2117;;0;0;1;3
track_0_2118;;20;0;1;4
track_0_2119;;0;0;0;1
track_0_212;;7;2;0;5
track_0_2120;;0;0;0;1
track_0_2121;;0;0;0;2
track_0_2122;;0;0;0;2
track_0_2123;;0;1;0;4
track_0_2124;;0;0;0;3
track_0_2125;;0;0;1;4
track_0_2126;;14;3;1;4
track_0_2127;;6;0;0;2
track_0_2128;;15;0;1;3
track_0_2129;;0;0;0;2
track_0_213;;78;0;1;5
track_0_2130;;0;0;0;2
track_0_2131;;0;0;0;4
track_0_2132;;0;0;0;2
track_0_2133;;0;0;0;2
track_0_2134;;12;3;2;5
track_0_2135;;0;0;0;3
track_0_2136;;0;3;1;4
track_0_2137;;15;0;1;3
track_0_2138;;0;0;0;1
track_0_2139;;0;0;0;1
track_0_214;;0;3;1;4
track_0_2140;;24;0;1;5
track_0_2141;;15;0;1;4
track_0_2142;;0;0;0;4
track_0_2143;;0;3;1;5
track_0_2144;;15;0;1;4
track_0_2145;;0;0;0;3
track_0_2146;;18;0;0;4
track_0_2147;;0;0;1;3
track_0_2148;;18;0;2;6
track_0_2149;;0;0;0;3
track_0_215;;0;0;0;1
track_0_2150;;0;0;1;4
track_0_2151;;12;0;1;4
track_0_2152;;0;0;1;3
track_0_2153;;0;2;1;4
track_0_2154;;15;0;1;3
track_0_2155;;0;0;1;4
track_0_2156;;24;0;1;4
track_0_2157;;15;0;1;3
track_0_2158;;12;0;1;3
track_0_2159;;5;0;0;2
track_0_216;;0;0;0;1
track_0_2160;;0;0;1;3
track_0_2161;;0;0;1;4
track_0_2162;;0;0;0;3
track_0_2163;;0;0;0;2
track_0_2164;;0;0;1;3
track_0_2165;;4;2;0;3
track_0_2166;;0;0;1;4
track_0_2167;;0;0;1;5
track_0_2168;;0;0;0;2
track_0_2169;;0;1;0;4
track_0_217;;0;0;0;2
track_0_2170;;0;0;0;3
track_0_2171;;0;0;1;4
track_0_2172;;0;3;1;4
track_0_2173;;78;0;1;5
track_0_2174;;0;2;1;5
track_0_2175;;0;0;0;4
track_0_2176;;0;0;1;3
track_0_2177;;7;2;0;5
track_0_2178;;0;0;1;4
track_0_2179;;12;3;1;4
track_0_218;;15;0;1;5
track_0_2180;;0;0;0;2
track_0_2181;;15;0;1;3
track_0_2182;;0;0;1;3
track_0_2183;;20;0;1;4
track_0_2184;;0;0;0;1
track_0_2185;;0;0;0;1
track_0_2186;;0;0;0;2
track_0_2187;;0;0;0;2
track_0_2188;;0;1;0;4
track_0_2189;;0;0;0;3
track_0_219;;12;1;2;7
track_0_2190;;0;0;1;4
track_0_2191;;14;3;1;4
track_0_2192;;6;0;0;2
track_0_2193;;15;0;1;3
track_0_2194;;0;0;0;2
track_0_2195;;0;0;0;2
track_0_2196;;0;0;0;4
track_0_2197;;0;0;0;2
track_0_2198;;0;0;0;2
track_0_2199;;12;3;2;5
track_0_22;;0;0;1;3
track_0_220;;12;0;1;3
track_0_2200;;0;0;0;3
track_0_2201;;0;3;1;4
track_0_2202;;15;0;1;3
track_0_2203;;0;0;0;1
track_0_2204;;0;0;0;1
track_0_2205;;24;0;1;5
track_0_2206;;15;0;1;4
track_0_2207;;0;0;0;4
track_0_2208;;0;3;1;5
track_0_2209;;15;0;1;4
track_0_221;;0;0;0;1
track_0_2210;;0;0;0;3
track_0_2211;;18;0;0;4
track_0_2212;;0;0;1;3
track_0_2213;;18;0;2;6
track_0_2214;;0;0;0;3
track_0_2215;;0;0;1;4
track_0_2216;;12;0;1;4
track_0_2217;;0;0;1;3
track_0_2218;;0;2;1;4
track_0_2219;;15;0;1;3
track_0_222;;78;0;2;5
track_0_2220;;0;0;1;4
track_0_2221;;24;0;1;4
track_0_2222;;15;0;1;3
track_0_2223;;12;0;1;3
track_0_2224;;5;0;0;2
track_0_2225;;0;0;1;3
track_0_2226;;0;0;1;4
track_0_2227;;0;0;0;3
track_0_2228;;0;0;0;2
track_0_2229;;0;0;1;3
track_0_223;;12;2;2;8
track_0_2230;;4;2;0;3
track_0_2231;;0;0;1;4
track_0_2232;;0;0;1;5
track_0_2233;;0;0;0;2
track_0_2234;;0;1;0;4
track_0_2235;;0;0;0;3
track_0_2236;;0;0;1;4
track_0_2237;;0;3;1;4
track_0_2238;;78;0;1;5
track_0_2239;;0;2;1;5
track_0_224;;0;0;1;4
track_0_2240;;0;0;0;4
track_0_2241;;0;0;1;3
track_0_2242;;7;2;0;5
track_0_2243;;0;0;1;4
track_0_2244;;12;3;1;4
track_0_2245;;0;0;0;2
track_0_2246;;15;0;1;3
track_0_2247;;0;0;1;3
track_0_2248;;20;0;1;4
track_0_2249;;0;0;0;1
track_0_225;;12;3;1;4
track_0_2250;;0;0;0;1
track_0_2251;;0;0;0;2
track_0_2252;;0;0;0;2
track_0_2253;;0;1;0;4
track_0_2254;;0;0;0;3
track_0_2255;;0;0;1;4
track_0_2256;;14;3;1;4
track_0_2257;;6;0;0;2
track_0_2258;;15;0;1;3
track_0_2259;;0;0;0;2
track_0_226;;26;0;0;3
track_0_2260;;0;0;0;2
track_0_2261;;0;0;0;4
track_0_2262;;0;0;0;2
track_0_2263;;0;0;0;2
track_0_2264;;12;3;2;5
track_0_2265;;0;0;0;3
track_0_2266;;0;3;1;4
track_0_2267;;15;0;1;3
track_0_2268;;0;0;0;1
track_0_2269;;0;0;0;1
track_0_227;;24;0;1;5
track_0_2270;;24;0;1;5
track_0_2271;;15;0;1;4
track_0_2272;;0;0;0;4
track_0_2273;;0;3;1;5
track_0_2274;;15;0;1;4
track_0_2275;;0;0;0;3
track_0_2276;;18;0;0;4
track_0_2277;;0;0;1;3
track_0_2278;;18;0;2;6
track_0_2279;;0;0;0;3
track_0_228;;5;0;1;4
track_0_2280;;0;0;1;4
track_0_2281;;12;0;1;4
track_0_2282;;0;0;1;3
track_0_2283;;0;2;1;4
track_0_2284;;15;0;1;3
track_0_2285;;0;0;1;4
track_0_2286;;24;0;1;4
track_0_2287;;15;0;1;3
track_0_2288;;12;0;1;3
track_0_2289;;5;0;0;2
track_0_229;;0;0;0;4
track_0_2290;;0;0;1;3
track_0_2291;;0;0;1;4
track_0_2292;;0;0;0;3
track_0_2293;;0;0;0;2
track_0_2294;;0;0;1;3
track_0_2295;;4;2;0;3
track_0_2296;;0;0;1;4
track_0_2297;;0;0;1;5
track_0_2298;;0;0;0;2
track_0_2299;;0;1;0;4
track_0_23;;0;2;1;4
track_0_230;;0;3;1;4
track_0_2300;;0;0;0;3
track_0_2301;;0;0;1;4
track_0_2302;;0;3;1;4
track_0_2303;;78;0;1;5
track_0_2304;;0;2;1;5
track_0_2305;;0;0;0;4
track_0_2306;;0;0;1;3
track_0_2307;;7;2;0;5
track_0_2308;;0;0;1;4
track_0_2309;;12;3;1;4
track_0_231;;78;0;1;5
track_0_2310;;0;0;0;2
track_0_2311;;15;0;1;3
track_0_2312;;0;0;1;3
track_0_2313;;20;0;1;4
track_0_2314;;0;0;0;1
track_0_2315;;0;0;0;1
track_0_2316;;0;0;0;2
track_0_2317;;0;0;0;2
track_0_2318;;0;1;0;4
track_0_2319;;0;0;0;3
track_0_232;;0;0;1;3
track_0_2320;;0;0;1;4
track_0_2321;;14;3;1;4
track_0_2322;;6;0;0;2
track_0_2323;;15;0;1;3
track_0_2324;;0;0;0;2
track_0_2325;;0;0;0;2
track_0_2326;;0;0;0;4
track_0_2327;;0;0;0;2
track_0_2328;;0;0;0;2
track_0_2329;;12;3;2;5
track_0_233;;78;0;1;5
track_0_2330;;0;0;0;3
track_0_2331;;0;3;1;4
track_0_2332;;15;0;1;3
track_0_2333;;0;0;0;1
track_0_2334;;0;0;0;1
track_0_2335;;24;0;1;5
track_0_2336;;15;0;1;4
track_0_2337;;0;0;0;4
track_0_2338;;0;3;1;5
track_0_2339;;15;0;1;4
track_0_234;;89;0;0;4
track_0_2340;;0;0;0;3
track_0_2341;;18;0;0;4
track_0_2342;;0;0;1;3
track_0_2343;;18;0;2;6
track_0_2344;;0;0;0;3
track_0_2345;;0;0;1;4
track_0_2346;;12;0;1;4
track_0_2347;;0;0;1;3
track_0_2348;;0;2;1;4
track_0_2349;;15;0;1;3
track_0_235;;0;0;1;5
track_0_2350;;0;0;1;4
track_0_2351;;24;0;1;4
track_0_2352;;15;0;1;3
track_0_2353;;12;0;1;3
track_0_2354;;5;0;0;2
track_0_2355;;0;0;1;3
track_0_2356;;0;0;1;4
track_0_2357;;0;0;0;3
track_0_2358;;0;0;0;2
track_0_2359;;0;0;1;3
track_0_236;;78;0;0;4
track_0_2360;;4;2;0;3
track_0_2361;;0;0;1;4
track_0_2362;;0;0;1;5
track_0_2363;;0;0;0;2
track_0_2364;;0;1;0;4
track_0_2365;;0;0;0;3
track_0_2366;;0;0;1;4
track_0_2367;;0;3;1;4
track_0_2368;;78;0;1;5
track_0_2369;;0;2;1;5
track_0_237;;0;1;0;4
track_0_2370;;0;0;0;4
track_0_2371;;0;0;1;3
track_0_2372;;7;2;0;5
track_0_2373;;0;0;1;4
track_0_2374;;12;3;1;4
track_0_2375;;0;0;0;2
track_0_2376;;15;0;1;3
track_0_2377;;0;0;1;3
track_0_2378;;20;0;1;4
track_0_2379;;0;0;0;1
track_0_238;;0;0;0;3
track_0_2380;;0;0;0;1
track_0_2381;;0;0;0;2
track_0_2382;;0;0;0;2
track_0_2383;;0;1;0;4
track_0_2384;;0;0;0;3
track_0_2385;;0;0;1;4
track_0_2386;;14;3;1;4
track_0_2387;;6;0;0;2
track_0_2388;;15;0;1;3
track_0_2389;;0;0;0;2
track_0_239;;0;0;1;4
track_0_2390;;0;0;0;2
track_0_2391;;0;0;0;4
track_0_2392;;0;0;0;2
track_0_2393;;0;0;0;2
track_0_2394;;12;3;2;5
track_0_2395;;0;0;0;3
track_0_2396;;0;3;1;4
track_0_2397;;15;0;1;3
track_0_2398;;0;0;0;1
track_0_2399;;0;0;0;1
track_0_24;;0;2;0;3
track_0_240;;14;3;1;4
track_0_2400;;24;0;1;5
track_0_2401;;15;0;1;4
track_0_2402;;0;0;0;4
track_0_2403;;0;3;1;5
track_0_2404;;15;0;1;4
track_0_2405;;0;0;0;3
track_0_2406;;18;0;0;4
track_0_2407;;0;0;1;3
track_0_2408;;18;0;2;6
track_0_2409;;0;0;0;3
track_0_241;;0;0;1;3
track_0_2410;;0;0;1;4
track_0_2411;;12;0;1;4
track_0_2412;;0;0;1;3
track_0_2413;;0;2;1;4
track_0_2414;;15;0;1;3
track_0_2415;;0;0;1;4
track_0_2416;;24;0;1;4
track_0_2417;;15;0;1;3
track_0_2418;;12;0;1;3
track_0_2419;;5;0;0;2
track_0_242;;0;2;1;4
track_0_2420;;0;0;1;3
track_0_2421;;0;0;1;4
track_0_2422;;0;0;0;3
track_0_2423;;0;0;0;2
track_0_2424;;0;0;1;3
track_0_2425;;4;2;0;3
track_0_2426;;0;0;1;4
track_0_2427;;0;0;1;5
track_0_2428;;0;0;0;2
track_0_2429;;0;1;0;4
track_0_243;;0;2;0;3
track_0_2430;;0;0;0;3
track_0_2431;;0;0;1;4
track_0_2432;;0;3;1;4
track_0_2433;;78;0;1;5
track_0_2434;;0;2;1;5
track_0_2435;;0;0;0;4
track_0_2436;;0;0;1;3
track_0_2437;;7;2;0;5
track_0_2438;;0;0;1;4
track_0_2439;;12;3;1;4
track_0_244;;29;0;0;2
track_0_2440;;0;0;0;2
track_0_2441;;15;0;1;3
track_0_2442;;0;0;1;3
track_0_2443;;20;0;1;4
track_0_2444;;0;0;0;1
track_0_2445;;0;0;0;1
track_0_2446;;0;0;0;2
track_0_2447;;0;0;0;2
track_0_2448;;0;1;0;4
track_0_2449;;0;0;0;3
track_0_245;;0;2;1;5
track_0_2450;;0;0;1;4
track_0_2451;;14;3;1;4
track_0_2452;;6;0;0;2
track_0_2453;;15;0;1;3
track_0_2454;;0;0;0;2
track_0_2455;;0;0;0;2
track_0_2456;;0;0;0;4
track_0_2457;;0;0;0;2
track_0_2458;;0;0;0;2
track_0_2459;;12;3;2;5
track_0_246;;0;0;0;4
track_0_2460;;0;0;0;3
track_0_2461;;0;3;1;4
track_0_2462;;15;0;1;3
track_0_2463;;0;0;0;1
track_0_2464;;0;0;0;1
track_0_2465;;24;0;1;5
track_0_2466;;15;0;1;4
track_0_2467;;0;0;0;4
track_0_2468;;0;3;1;5
track_0_2469;;15;0;1;4
track_0_247;;0;0;0;5
track_0_2470;;0;0;0;3
track_0_2471;;18;0;0;4
track_0_2472;;0;0;1;3
track_0_2473;;18;0;2;6
track_0_2474;;0;0;0;3
track_0_2475;;0;0;1;4
track_0_2476;;12;0;1;4
track_0_2477;;0;0;1;3
track_0_2478;;0;2;1;4
track_0_2479;;15;0;1;3
track_0_248;;0;0;0;2
track_0_2480;;0;0;1;4
track_0_2481;;24;0;1;4
track_0_2482;;15;0;1;3
track_0_2483;;12;0;1;3
track_0_2484;;5;0;0;2
track_0_2485;;0;0;1;3
track_0_2486;;0;0;1;4
track_0_2487;;0;0;0;3
track_0_2488;;0;0;0;2
track_0_2489;;0;0;1;3
track_0_249;;0;0;1;4
track_0_2490;;4;2;0;3
track_0_2491;;0;0;1;4
track_0_2492;;0;0;1;5
track_0_2493;;0;0;0;2
track_0_2494;;0;1;0;4
track_0_2495;;0;0;0;3
track_0_2496;;0;0;1;4
track_0_2497;;0;3;1;4
track_0_2498;;78;0;1;5
track_0_2499;;0;2;1;5
track_0_25;;29;0;0;2
track_0_250;;4;3;1;5
track_0_2500;;0;0;0;4
track_0_2501;;0;0;1;3
track_0_2502;;7;2;0;5
track_0_2503;;0;0;1;4
track_0_2504;;12;3;1;4
track_0_2505;;0;0;0;2
track_0_2506;;15;0;1;3
track_0_2507;;0;0;1;3
track_0_2508;;20;0;1;4
track_0_2509;;0;0;0;1
track_0_251;;120;0;1;5
track_0_2510;;0;0;0;1
track_0_2511;;0;0;0;2
track_0_2512;;0;0;0;2
track_0_2513;;0;1;0;4
track_0_2514;;0;0;0;3
track_0_2515;;0;0;1;4
track_0_2516;;14;3;1;4
track_0_2517;;6;0;0;2
track_0_2518;;15;0;1;3
track_0_2519;;0;0;0;2
track_0_252;;0;0;1;3
track_0_2520;;0;0;0;2
track_0_2521;;0;0;0;4
track_0_2522;;0;0;0;2
track_0_2523;;0;0;0;2
track_0_2524;;12;3;2;5
track_0_2525;;0;0;0;3
track_0_2526;;0;3;1;4
track_0_2527;;15;0;1;3
track_0_2528;;0;0;0;1
track_0_2529;;0;0;0;1
track_0_253;;0;0;1;4
track_0_2530;;24;0;1;5
track_0_2531;;15;0;1;4
track_0_2532;;0;0;0;4
track_0_2533;;0;3;1;5
track_0_2534;;15;0;1;4
track_0_2535;;0;0;0;3
track_0_2536;;18;0;0;4
track_0_2537;;0;0;1;3
track_0_2538;;18;0;2;6
track_0_2539;;0;0;0;3
track_0_254;;36;0;0;4
track_0_2540;;0;0;1;4
track_0_2541;;12;0;1;4
track_0_2542;;0;0;1;3
track_0_2543;;0;2;1;4
track_0_2544;;15;0;1;3
track_0_2545;;0;0;1;4
track_0_2546;;24;0;1;4
track_0_2547;;15;0;1;3
track_0_2548;;12;0;1;3
track_0_2549;;5;0;0;2
track_0_255;;0;0;0;4
track_0_2550;;0;0;1;3
track_0_2551;;0;0;1;4
track_0_2552;;0;0;0;3
track_0_2553;;0;0;0;2
track_0_2554;;0;0;1;3
track_0_2555;;4;2;0;3
track_0_2556;;0;0;1;4
track_0_2557;;0;0;1;5
track_0_2558;;0;0;0;2
track_0_2559;;0;1;0;4
track_0_256;;18;0;0;4
track_0_2560;;0;0;0;3
track_0_2561;;0;0;1;4
track_0_2562;;0;3;1;4
track_0_2563;;78;0;1;5
track_0_2564;;0;2;1;5
track_0_2565;;0;0;0;4
track_0_2566;;0;0;1;3
track_0_2567;;7;2;0;5
track_0_2568;;0;0;1;4
track_0_2569;;12;3;1;4
track_0_257;;0;0;1;3
track_0_2570;;0;0;0;2
track_0_2571;;15;0;1;3
track_0_2572;;0;0;1;3
track_0_2573;;20;0;1;4
track_0_2574;;0;0;0;1
track_0_2575;;0;0;0;1
track_0_2576;;0;0;0;2
track_0_2577;;0;0;0;2
track_0_2578;;0;1;0;4
track_0_2579;;0;0;0;3
track_0_258;;0;3;1;5
track_0_2580;;0;0;1;4
track_0_2581;;14;3;1;4
track_0_2582;;6;0;0;2
track_0_2583;;15;0;1;3
track_0_2584;;0;0;0;2
track_0_2585;;0;0;0;2
track_0_2586;;0;0;0;4
track_0_2587;;0;0;0;2
track_0_2588;;0;0;0;2
track_0_2589;;12;3;2;5
track_0_259;;26;0;0;4
track_0_2590;;0;0;0;3
track_0_2591;;0;3;1;4
track_0_2592;;15;0;1;3
track_0_2593;;0;0;0;1
track_0_2594;;0;0;0;1
track_0_2595;;24;0;1;5
track_0_2596;;15;0;1;4
track_0_2597;;0;0;0;4
track_0_2598;;0;3;1;5
track_0_2599;;15;0;1;4
track_0_26;;15;0;1;5
track_0_260;;0;0;0;3
track_0_2600;;0;0;0;3
track_0_2601;;18;0;0;4
track_0_2602;;0;0;1;3
track_0_2603;;18;0;2;6
track_0_2604;;0;0;0;3
track_0_2605;;0;0;1;4
track_0_2606;;12;0;1;4
track_0_2607;;0;0;1;3
track_0_2608;;0;2;1;4
track_0_2609;;15;0;1;3
track_0_261;;0;0;0;2
track_0_2610;;0;0;1;4
track_0_2611;;24;0;1;4
track_0_2612;;15;0;1;3
track_0_2613;;12;0;1;3
track_0_2614;;5;0;0;2
track_0_2615;;0;0;1;3
track_0_2616;;0;0;1;4
track_0_2617;;0;0;0;3
track_0_2618;;0;0;0;2
track_0_2619;;0;0;1;3
track_0_262;;0;0;0;4
track_0_2620;;4;2;0;3
track_0_2621;;0;0;1;4
track_0_2622;;0;0;1;5
track_0_2623;;0;0;0;2
track_0_2624;;0;1;0;4
track_0_2625;;0;0;0;3
track_0_2626;;0;0;1;4
track_0_2627;;0;3;1;4
track_0_2628;;78;0;1;5
track_0_2629;;0;2;1;5
track_0_263;;18;0;1;6
track_0_2630;;0;0;0;4
track_0_2631;;0;0;1;3
track_0_2632;;7;2;0;5
track_0_2633;;0;0;1;4
track_0_2634;;12;3;1;4
track_0_2635;;0;0;0;2
track_0_2636;;15;0;1;3
track_0_2637;;0;0;1;3
track_0_2638;;20;0;1;4
track_0_2639;;0;0;0;1
track_0_264;;0;0;0;4
track_0_2640;;0;0;0;1
track_0_2641;;0;0;0;2
track_0_2642;;0;0;0;2
track_0_2643;;0;1;0;4
track_0_2644;;0;0;0;3
track_0_2645;;0;0;1;4
track_0_2646;;14;3;1;4
track_0_2647;;6;0;0;2
track_0_2648;;15;0;1;3
track_0_2649;;0;0;0;2
track_0_265;;0;0;0;4
track_0_2650;;0;0;0;2
track_0_2651;;0;0;0;4
track_0_2652;;0;0;0;2
track_0_2653;;0;0;0;2
track_0_2654;;12;3;2;5
track_0_2655;;0;0;0;3
track_0_2656;;0;3;1;4
track_0_2657;;15;0;1;3
track_0_2658;;0;0;0;1
track_0_2659;;0;0;0;1
track_0_266;;12;3;2;5
track_0_2660;;24;0;1;5
track_0_2661;;15;0;1;4
track_0_2662;;0;0;0;4
track_0_2663;;0;3;1;5
track_0_2664;;15;0;1;4
track_0_2665;;0;0;0;3
track_0_2666;;18;0;0;4
track_0_2667;;0;0;1;3
track_0_2668;;18;0;2;6
track_0_2669;;0;0;0;3
track_0_267;;0;0;1;3
track_0_2670;;0;0;1;4
track_0_2671;;12;0;1;4
track_0_2672;;0;0;1;3
track_0_2673;;0;2;1;4
track_0_2674;;15;0;1;3
track_0_2675;;0;0;1;4
track_0_2676;;24;0;1;4
track_0_2677;;15;0;1;3
track_0_2678;;12;0;1;3
track_0_2679;;5;0;0;2
track_0_268;;7;2;0;5
track_0_2680;;0;0;1;3
track_0_2681;;0;0;1;4
track_0_2682;;0;0;0;3
track_0_2683;;0;0;0;2
track_0_2684;;0;0;1;3
track_0_2685;;4;2;0;3
track_0_2686;;0;0;1;4
track_0_2687;;0;0;1;5
track_0_2688;;0;0;0;2
track_0_2689;;0;1;0;4
track_0_269;;78;0;1;5
track_0_2690;;0;0;0;3
track_0_2691;;0;0;1;4
track_0_2692;;0;3;1;4
track_0_2693;;78;0;1;5
track_0_2694;;0;2;1;5
track_0_2695;;0;0;0;4
track_0_2696;;0;0;1;3
track_0_2697;;7;2;0;5
track_0_2698;;0;0;1;4
track_0_2699;;12;3;1;4
track_0_27;;0;0;0;4
track_0_270;;0;3;1;4
track_0_2700;;0;0;0;2
track_0_2701;;15;0;1;3
track_0_2702;;0;0;1;3
track_0_2703;;20;0;1;4
track_0_2704;;0;0;0;1
track_0_2705;;0;0;0;1
track_0_2706;;0;0;0;2
track_0_2707;;0;0;0;2
track_0_2708;;0;1;0;4
track_0_2709;;0;0;0;3
track_0_271;;0;0;0;1
track_0_2710;;0;0;1;4
track_0_2711;;14;3;1;4
track_0_2712;;6;0;0;2
track_0_2713;;15;0;1;3
track_0_2714;;0;0;0;2
track_0_2715;;0;0;0;2
track_0_2716;;0;0;0;4
track_0_2717;;0;0;0;2
track_0_2718;;0;0;0;2
track_0_2719;;12;3;2;5
track_0_272;;0;0;0;1
track_0_2720;;0;0;0;3
track_0_2721;;0;3;1;4
track_0_2722;;15;0;1;3
track_0_2723;;0;0;0;1
track_0_2724;;0;0;0;1
track_0_2725;;24;0;1;5
track_0_2726;;15;0;1;4
track_0_2727;;0;0;0;4
track_0_2728;;0;3;1;5
track_0_2729;;15;0;1;4
track_0_273;;0;0;0;2
track_0_2730;;0;0;0;3
track_0_2731;;18;0;0;4
track_0_2732;;0;0;1;3
track_0_2733;;18;0;2;6
track_0_2734;;0;0;0;3
track_0_2735;;0;0;1;4
track_0_2736;;12;0;1;4
track_0_2737;;0;0;1;3
track_0_2738;;0;2;1;4
track_0_2739;;15;0;1;3
track_0_274;;15;0;1;5
track_0_2740;;0;0;1;4
track_0_2741;;24;0;1;4
track_0_2742;;15;0;1;3
track_0_2743;;12;0;1;3
track_0_2744;;5;0;0;2
track_0_2745;;0;0;1;3
track_0_2746;;0;0;1;4
track_0_2747;;0;0;0;3
track_0_2748;;0;0;0;2
track_0_2749;;0;0;1;3
track_0_275;;12;1;2;7
track_0_2750;;4;2;0;3
track_0_2751;;0;0;1;4
track_0_2752;;0;0;1;5
track_0_2753;;0;0;0;2
track_0_2754;;0;1;0;4
track_0_2755;;0;0;0;3
track_0_2756;;0;0;1;4
track_0_2757;;0;3;1;4
track_0_2758;;78;0;1;5
track_0_2759;;0;2;1;5
track_0_276;;12;0;1;3
track_0_2760;;0;0;0;4
track_0_2761;;0;0;1;3
track_0_2762;;7;2;0;5
track_0_2763;;0;0;1;4
track_0_2764;;12;3;1;4
track_0_2765;;0;0;0;2
track_0_2766;;15;0;1;3
track_0_2767;;0;0;1;3
track_0_2768;;20;0;1;4
track_0_2769;;0;0;0;1
track_0_277;;0;0;0;1
track_0_2770;;0;0;0;1
track_0_2771;;0;0;0;2
track_0_2772;;0;0;0;2
track_0_2773;;0;1;0;4
track_0_2774;;0;0;0;3
track_0_2775;;0;0;1;4
track_0_2776;;14;3;1;4
track_0_2777;;6;0;0;2
track_0_2778;;15;0;1;3
track_0_2779;;0;0;0;2
track_0_278;;78;0;2;5
track_0_2780;;0;0;0;2
track_0_2781;;0;0;0;4
track_0_2782;;0;0;0;2
track_0_2783;;0;0;0;2
track_0_2784;;12;3;2;5
track_0_2785;;0;0;0;3
track_0_2786;;0;3;1;4
track_0_2787;;15;0;1;3
track_0_2788;;0;0;0;1
track_0_2789;;0;0;0;1
track_0_279;;12;2;2;8
track_0_2790;;24;0;1;5
track_0_2791;;15;0;1;4
track_0_2792;;0;0;0;4
track_0_2793;;0;3;1;5
track_0_2794;;15;0;1;4
track_0_2795;;0;0;0;3
track_0_2796;;18;0;0;4
track_0_2797;;0;0;1;3
track_0_2798;;18;0;2;6
track_0_2799;;0;0;0;3
track_0_28;;0;0;1;5
track_0_280;;0;0;1;4
track_0_2800;;0;0;1;4
track_0_2801;;12;0;1;4
track_0_2802;;0;0;1;3
track_0_2803;;0;2;1;4
track_0_2804;;15;0;1;3
track_0_2805;;0;0;1;4
track_0_2806;;24;0;1;4
track_0_2807;;15;0;1;3
track_0_2808;;12;0;1;3
track_0_2809;;5;0;0;2
track_0_281;;12;3;1;4
track_0_2810;;0;0;1;3
track_0_2811;;0;0;1;4
track_0_2812;;0;0;0;3
track_0_2813;;0;0;0;2
track_0_2814;;0;0;1;3
track_0_2815;;4;2;0;3
track_0_2816;;0;0;1;4
track_0_2817;;0;0;1;5
track_0_2818;;0;0;0;2
track_0_2819;;0;1;0;4
track_0_282;;26;0;0;3
track_0_2820;;0;0;0;3
track_0_2821;;0;0;1;4
track_0_2822;;0;3;1;4
track_0_2823;;78;0;1;5
track_0_2824;;0;2;1;5
track_0_2825;;0;0;0;4
track_0_2826;;0;0;1;3
track_0_2827;;7;2;0;5
track_0_2828;;0;0;1;4
track_0_2829;;12;3;1;4
track_0_283;;24;0;1;5
track_0_2830;;0;0;0;2
track_0_2831;;15;0;1;3
track_0_2832;;0;0;1;3
track_0_2833;;20;0;1;4
track_0_2834;;0;0;0;1
track_0_2835;;0;0;0;1
track_0_2836;;0;0;0;2
track_0_2837;;0;0;0;2
track_0_2838;;0;1;0;4
track_0_2839;;0;0;0;3
track_0_284;;5;0;1;4
track_0_2840;;0;0;1;4
track_0_2841;;14;3;1;4
track_0_2842;;6;0;0;2
track_0_2843;;15;0;1;3
track_0_2844;;0;0;0;2
track_0_2845;;0;0;0;2
track_0_2846;;0;0;0;4
track_0_2847;;0;0;0;2
track_0_2848;;0;0;0;2
track_0_2849;;12;3;2;5
track_0_285;;0;0;0;4
track_0_2850;;0;0;0;3
track_0_2851;;0;3;1;4
track_0_2852;;15;0;1;3
track_0_2853;;0;0;0;1
track_0_2854;;0;0;0;1
track_0_2855;;24;0;1;5
track_0_2856;;15;0;1;4
track_0_2857;;0;0;0;4
track_0_2858;;0;3;1;5
track_0_2859;;15;0;1;4
track_0_286;;0;3;1;4
track_0_2860;;0;0;0;3
track_0_2861;;18;0;0;4
track_0_2862;;0;0;1;3
track_0_2863;;18;0;2;6
track_0_2864;;0;0;0;3
track_0_2865;;0;0;1;4
track_0_2866;;12;0;1;4
track_0_2867;;0;0;1;3
track_0_2868;;0;2;1;4
track_0_2869;;15;0;1;3
track_0_287;;78;0;1;5
track_0_2870;;0;0;1;4
track_0_2871;;24;0;1;4
track_0_2872;;15;0;1;3
track_0_2873;;12;0;1;3
track_0_2874;;5;0;0;2
track_0_2875;;0;0;1;3
track_0_2876;;0;0;1;4
track_0_2877;;0;0;0;3
track_0_2878;;0;0;0;2
track_0_2879;;0;0;1;3
track_0_288;;0;0;1;3
track_0_2880;;4;2;0;3
track_0_2881;;0;0;1;4
track_0_2882;;0;0;1;5
track_0_2883;;0;0;0;2
track_0_2884;;0;1;0;4
track_0_2885;;0;0;0;3
track_0_2886;;0;0;1;4
track_0_2887;;0;3;1;4
track_0_2888;;78;0;1;5
track_0_2889;;0;2;1;5
track_0_289;;78;0;1;5
track_0_2890;;0;0;0;4
track_0_2891;;0;0;1;3
track_0_2892;;7;2;0;5
track_0_2893;;0;0;1;4
track_0_2894;;12;3;1;4
track_0_2895;;0;0;0;2
track_0_2896;;15;0;1;3
track_0_2897;;0;0;1;3
track_0_2898;;20;0;1;4
track_0_2899;;0;0;0;1
track_0_29;;0;0;0;2
track_0_290;;89;0;0;4
track_0_2900;;0;0;0;1
track_0_2901;;0;0;0;2
track_0_2902;;0;0;0;2
track_0_2903;;0;1;0;4
track_0_2904;;0;0;0;3
track_0_2905;;0;0;1;4
track_0_2906;;14;3;1;4
track_0_2907;;6;0;0;2
track_0_2908;;15;0;1;3
track_0_2909;;0;0;0;2
track_0_291;;0;0;1;5
track_0_2910;;0;0;0;2
track_0_2911;;0;0;0;4
track_0_2912;;0;0;0;2
track_0_2913;;0;0;0;2
track_0_2914;;12;3;2;5
track_0_2915;;0;0;0;3
track_0_2916;;0;3;1;4
track_0_2917;;15;0;1;3
track_0_2918;;0;0;0;1
track_0_2919;;0;0;0;1
track_0_292;;78;0;0;4
track_0_2920;;24;0;1;5
track_0_2921;;15;0;1;4
track_0_2922;;0;0;0;4
track_0_2923;;0;3;1;5
track_0_2924;;15;0;1;4
track_0_2925;;0;0;0;3
track_0_2926;;18;0;0;4
track_0_2927;;0;0;1;3
track_0_2928;;18;0;2;6
track_0_2929;;0;0;0;3
track_0_293;;0;1;0;4
track_0_2930;;0;0;1;4
track_0_2931;;12;0;1;4
track_0_2932;;0;0;1;3
track_0_2933;;0;2;1;4
track_0_2934;;15;0;1;3
track_0_2935;;0;0;1;4
track_0_2936;;24;0;1;4
track_0_2937;;15;0;1;3
track_0_2938;;12;0;1;3
track_0_2939;;5;0;0;2
track_0_294;;0;0;0;3
track_0_2940;;0;0;1;3
track_0_2941;;0;0;1;4
track_0_2942;;0;0;0;3
track_0_2943;;0;0;0;2
track_0_2944;;0;0;1;3
track_0_2945;;4;2;0;3
track_0_2946;;0;0;1;4
track_0_2947;;0;0;1;5
track_0_2948;;0;0;0;2
track_0_2949;;0;1;0;4
track_0_295;;0;0;1;4
track_0_2950;;0;0;0;3
track_0_2951;;0;0;1;4
track_0_2952;;0;3;1;4
track_0_2953;;78;0;1;5
track_0_2954;;0;2;1;5
track_0_2955;;0;0;0;4
track_0_2956;;0;0;1;3
track_0_2957;;7;2;0;5
track_0_2958;;0;0;1;4
track_0_2959;;12;3;1;4
track_0_296;;14;3;1;4
track_0_2960;;0;0;0;2
track_0_2961;;15;0;1;3
track_0_2962;;0;0;1;3
track_0_2963;;20;0;1;4
track_0_2964;;0;0;0;1
track_0_2965;;0;0;0;1
track_0_2966;;0;0;0;2
track_0_2967;;0;0;0;2
track_0_2968;;0;1;0;4
track_0_2969;;0;0;0;3
track_0_297;;0;0;1;3
track_0_2970;;0;0;1;4
track_0_2971;;14;3;1;4
track_0_2972;;6;0;0;2
track_0_2973;;15;0;1;3
track_0_2974;;0;0;0;2
track_0_2975;;0;0;0;2
track_0_2976;;0;0;0;4
track_0_2977;;0;0;0;2
track_0_2978;;0;0;0;2
track_0_2979;;12;3;2;5
track_0_298;;0;2;1;4
track_0_2980;;0;0;0;3
track_0_2981;;0;3;1;4
track_0_2982;;15;0;1;3
track_0_2983;;0;0;0;1
track_0_2984;;0;0;0;1
track_0_2985;;24;0;1;5
track_0_2986;;15;0;1;4
track_0_2987;;0;0;0;4
track_0_2988;;0;3;1;5
track_0_2989;;15;0;1;4
track_0_299;;0;2;0;3
track_0_2990;;0;0;0;3
track_0_2991;;18;0;0;4
track_0_2992;;0;0;1;3
track_0_2993;;18;0;2;6
track_0_2994;;0;0;0;3
track_0_2995;;0;0;1;4
track_0_2996;;12;0;1;4
track_0_2997;;0;0;1;3
track_0_2998;;0;2;1;4
track_0_2999;;15;0;1;3
track_0_3;;12;1;2;8
track_0_30;;0;0;1;4
track_0_300;;29;0;0;2
track_0_3000;;0;0;1;4
track_0_3001;;24;0;1;4
track_0_3002;;15;0;1;3
track_0_3003;;12;0;1;3
track_0_3004;;5;0;0;2
track_0_3005;;0;0;1;3
track_0_3006;;0;0;1;4
track_0_3007;;0;0;0;3
track_0_3008;;0;0;0;2
track_0_3009;;0;0;1;3
track_0_301;;0;2;1;5
track_0_3010;;4;2;0;3
track_0_3011;;0;0;1;4
track_0_3012;;0;0;1;5
track_0_3013;;0;0;0;2
track_0_3014;;0;1;0;4
track_0_3015;;0;0;0;3
track_0_3016;;0;0;1;4
track_0_3017;;0;3;1;4
track_0_3018;;78;0;1;5
track_0_3019;;0;2;1;5
track_0_302;;0;0;0;4
track_0_3020;;0;0;0;4
track_0_3021;;0;0;1;3
track_0_3022;;7;2;0;5
track_0_3023;;0;0;1;4
track_0_3024;;12;3;1;4
track_0_3025;;0;0;0;2
track_0_3026;;15;0;1;3
track_0_3027;;0;0;1;3
track_0_3028;;20;0;1;4
track_0_3029;;0;0;0;1
track_0_303;;0;0;0;5
track_0_3030;;0;0;0;1
track_0_3031;;0;0;0;2
track_0_3032;;0;0;0;2
track_0_3033;;0;1;0;4
track_0_3034;;0;0;0;3
track_0_3035;;0;0;1;4
track_0_3036;;14;3;1;4
track_0_3037;;6;0;0;2
track_0_3038;;15;0;1;3
track_0_3039;;0;0;0;2
track_0_304;;0;0;0;2
track_0_3040;;0;0;0;2
track_0_3041;;0;0;0;4
track_0_3042;;0;0;0;2
track_0_3043;;0;0;0;2
track_0_3044;;12;3;2;5
track_0_3045;;0;0;0;3
track_0_3046;;0;3;1;4
track_0_3047;;15;0;1;3
track_0_3048;;0;0;0;1
track_0_3049;;0;0;0;1
track_0_305;;0;0;1;4
track_0_3050;;24;0;1;5
track_0_3051;;15;0;1;4
track_0_3052;;0;0;0;4
track_0_3053;;0;3;1;5
track_0_3054;;15;0;1;4
track_0_3055;;0;0;0;3
track_0_3056;;18;0;0;4
track_0_3057;;0;0;1;3
track_0_3058;;18;0;2;6
track_0_3059;;0;0;0;3
track_0_306;;4;3;1;5
track_0_3060;;0;0;1;4
track_0_3061;;12;0;1;4
track_0_3062;;0;0;1;3
track_0_3063;;0;2;1;4
track_0_3064;;15;0;1;3
track_0_3065;;0;0;1;4
track_0_3066;;24;0;1;4
track_0_3067;;15;0;1;3
track_0_3068;;12;0;1;3
track_0_3069;;5;0;0;2
track_0_307;;120;0;1;5
track_0_3070;;0;0;1;3
track_0_3071;;0;0;1;4
track_0_3072;;0;0;0;3
track_0_3073;;0;0;0;2
track_0_3074;;0;0;1;3
track_0_3075;;4;2;0;3
track_0_3076;;0;0;1;4
track_0_3077;;0;0;1;5
track_0_3078;;0;0;0;2
track_0_3079;;0;1;0;4
track_0_308;;0;0;1;3
track_0_3080;;0;0;0;3
track_0_3081;;0;0;1;4
track_0_3082;;0;3;1;4
track_0_3083;;78;0;1;5
track_0_3084;;0;2;1;5
track_0_3085;;0;0;0;4
track_0_3086;;0;0;1;3
track_0_3087;;7;2;0;5
track_0_3088;;0;0;1;4
track_0_3089;;12;3;1;4
track_0_309;;0;0;1;4
track_0_3090;;0;0;0;2
track_0_3091;;15;0;1;3
track_0_3092;;0;0;1;3
track_0_3093;;20;0;1;4
track_0_3094;;0;0;0;1
track_0_3095;;0;0;0;1
track_0_3096;;0;0;0;2
track_0_3097;;0;0;0;2
track_0_3098;;0;1;0;4
track_0_3099;;0;0;0;3
track_0_31;;0;3;1;5
track_0_310;;36;0;0;4
track_0_3100;;0;0;1;4
track_0_3101;;14;3;1;4
track_0_3102;;6;0;0;2
track_0_3103;;15;0;1;3
track_0_3104;;0;0;0;2
track_0_3105;;0;0;0;2
track_0_3106;;0;0;0;4
track_0_3107;;0;0;0;2
track_0_3108;;0;0;0;2
track_0_3109;;12;3;2;5
track_0_311;;0;0;0;4
track_0_3110;;0;0;0;3
track_0_3111;;0;3;1;4
track_0_3112;;15;0;1;3
track_0_3113;;0;0;0;1
track_0_3114;;0;0;0;1
track_0_3115;;24;0;1;5
track_0_3116;;15;0;1;4
track_0_3117;;0;0;0;4
track_0_3118;;0;3;1;5
track_0_3119;;15;0;1;4
track_0_312;;18;0;0;4
track_0_3120;;0;0;0;3
track_0_3121;;18;0;0;4
track_0_3122;;0;0;1;3
track_0_3123;;18;0;2;6
track_0_3124;;0;0;0;3
track_0_3125;;0;0;1;4
track_0_3126;;12;0;1;4
track_0_3127;;0;0;1;3
track_0_3128;;0;2;1;4
track_0_3129;;15;0;1;3
track_0_313;;0;0;1;3
track_0_3130;;0;0;1;4
track_0_3131;;24;0;1;4
track_0_3132;;15;0;1;3
track_0_3133;;12;0;1;3
track_0_3134;;5;0;0;2
track_0_3135;;0;0;1;3
track_0_3136;;0;0;1;4
track_0_3137;;0;0;0;3
track_0_3138;;0;0;0;2
track_0_3139;;0;0;1;3
track_0_314;;0;3;1;5
track_0_3140;;4;2;0;3
track_0_3141;;0;0;1;4
track_0_3142;;0;0;1;5
track_0_3143;;0;0;0;2
track_0_3144;;0;1;0;4
track_0_3145;;0;0;0;3
track_0_3146;;0;0;1;4
track_0_3147;;0;3;1;4
track_0_3148;;78;0;1;5
track_0_3149;;0;2;1;5
track_0_315;;26;0;0;4
track_0_3150;;0;0;0;4
track_0_3151;;0;0;1;3
track_0_3152;;7;2;0;5
track_0_3153;;0;0;1;4
track_0_3154;;12;3;1;4
track_0_3155;;0;0;0;2
track_0_3156;;15;0;1;3
track_0_3157;;0;0;1;3
track_0_3158;;20;0;1;4
track_0_3159;;0;0;0;1
track_0_316;;0;0;0;3
track_0_3160;;0;0;0;1
track_0_3161;;0;0;0;2
track_0_3162;;0;0;0;2
track_0_3163;;0;1;0;4
track_0_3164;;0;0;0;3
track_0_3165;;0;0;1;4
track_0_3166;;14;3;1;4
track_0_3167;;6;0;0;2
track_0_3168;;15;0;1;3
track_0_3169;;0;0;0;2
track_0_317;;0;0;0;2
track_0_3170;;0;0;0;2
track_0_3171;;0;0;0;4
track_0_3172;;0;0;0;2
track_0_3173;;0;0;0;2
track_0_3174;;12;3;2;5
track_0_3175;;0;0;0;3
track_0_3176;;0;3;1;4
track_0_3177;;15;0;1;3
track_0_3178;;0;0;0;1
track_0_3179;;0;0;0;1
track_0_318;;0;0;0;4
track_0_3180;;24;0;1;5
track_0_3181;;15;0;1;4
track_0_3182;;0;0;0;4
track_0_3183;;0;3;1;5
track_0_3184;;15;0;1;4
track_0_3185;;0;0;0;3
track_0_3186;;18;0;0;4
track_0_3187;;0;0;1;3
track_0_3188;;18;0;2;6
track_0_3189;;0;0;0;3
track_0_319;;18;0;1;6
track_0_3190;;0;0;1;4
track_0_3191;;12;0;1;4
track_0_3192;;0;0;1;3
track_0_3193;;0;2;1;4
track_0_3194;;15;0;1;3
track_0_3195;;0;0;1;4
track_0_3196;;24;0;1;4
track_0_3197;;15;0;1;3
track_0_3198;;12;0;1;3
track_0_3199;;5;0;0;2
track_0_32;;120;0;1;5
track_0_320;;0;0;0;4
track_0_3200;;0;0;1;3
track_0_3201;;0;0;1;4
track_0_3202;;0;0;0;3
track_0_3203;;0;0;0;2
track_0_3204;;0;0;1;3
track_0_3205;;4;2;0;3
track_0_3206;;0;0;1;4
track_0_3207;;0;0;1;5
track_0_3208;;0;0;0;2
track_0_3209;;0;1;0;4
track_0_321;;0;0;0;4
track_0_3210;;0;0;0;3
track_0_3211;;0;0;1;4
track_0_3212;;0;3;1;4
track_0_3213;;78;0;1;5
track_0_3214;;0;2;1;5
track_0_3215;;0;0;0;4
track_0_3216;;0;0;1;3
track_0_3217;;7;2;0;5
track_0_3218;;0;0;1;4
track_0_3219;;12;3;1;4
track_0_322;;12;3;2;5
track_0_3220;;0;0;0;2
track_0_3221;;15;0;1;3
track_0_3222;;0;0;1;3
track_0_3223;;20;0;1;4
track_0_3224;;0;0;0;1
track_0_3225;;0;0;0;1
track_0_3226;;0;0;0;2
track_0_3227;;0;0;0;2
track_0_3228;;0;1;0;4
track_0_3229;;0;0;0;3
track_0_323;;0;0;1;3
track_0_3230;;0;0;1;4
track_0_3231;;14;3;1;4
track_0_3232;;6;0;0;2
track_0_3233;;15;0;1;3
track_0_3234;;0;0;0;2
track_0_3235;;0;0;0;2
track_0_3236;;0;0;0;4
track_0_3237;;0;0;0;2
track_0_3238;;0;0;0;2
track_0_3239;;12;3;2;5
track_0_324;;7;2;0;5
track_0_3240;;0;0;0;3
track_0_3241;;0;3;1;4
track_0_3242;;15;0;1;3
track_0_3243;;0;0;0;1
track_0_3244;;0;0;0;1
track_0_325;;78;0;1;5
track_0_326;;0;3;1;4
track_0_327;;0;0;0;1
track_0_328;;0;0;0;1
track_0_329;;0;0;0;2
track_0_33;;0;0;1;4
track_0_330;;15;0;1;5
track_0_331;;12;1;2;7
track_0_332;;12;0;1;3
track_0_333;;0;0;0;1
track_0_334;;78;0;2;5
track_0_335;;0;1;1;4
track_0_336;;0;0;1;4
track_0_337;;12;3;1;4
track_0_338;;26;0;0;3
track_0_339;;24;0;1;5
track_0_34;;78;0;0;4
track_0_340;;5;0;1;4
track_0_341;;0;0;0;4
track_0_342;;0;3;1;4
track_0_343;;78;0;1;5
track_0_344;;0;0;1;3
track_0_345;;78;0;1;5
track_0_346;;12;3;2;5
track_0_347;;0;0;1;5
track_0_348;;0;0;0;2
track_0_349;;0;1;0;4
track_0_35;;0;0;0;4
track_0_350;;0;0;0;3
track_0_351;;0;0;1;4
track_0_352;;14;3;1;4
track_0_353;;0;0;1;3
track_0_354;;0;2;1;4
track_0_355;;0;2;0;3
track_0_356;;29;0;0;2
track_0_357;;0;2;1;5
track_0_358;;0;0;0;4
track_0_359;;0;0;0;5
track_0_36;;18;0;0;4
track_0_360;;0;0;0;2
track_0_361;;0;0;1;4
track_0_362;;4;3;1;5
track_0_363;;120;0;1;5
track_0_364;;7;2;0;5
track_0_365;;156;0;1;5
track_0_366;;0;0;1;3
track_0_367;;0;0;1;4
track_0_368;;20;0;1;4
track_0_369;;36;0;0;4
track_0_37;;0;0;1;3
track_0_370;;0;0;0;4
track_0_371;;18;0;0;4
track_0_372;;0;0;1;3
track_0_373;;18;0;1;5
track_0_374;;32;2;1;6
track_0_375;;26;0;0;4
track_0_376;;0;0;0;3
track_0_377;;0;0;0;2
track_0_378;;0;0;0;4
track_0_379;;6;0;0;2
track_0_38;;0;1;1;5
track_0_380;;0;0;0;4
track_0_381;;0;0;0;4
track_0_382;;0;0;1;3
track_0_383;;0;0;0;2
track_0_384;;0;3;1;4
track_0_385;;15;0;1;3
track_0_386;;0;0;0;1
track_0_387;;0;0;0;1
track_0_388;;0;0;0;2
track_0_389;;15;0;1;5
track_0_39;;26;0;0;4
track_0_390;;12;1;2;7
track_0_391;;12;0;1;3
track_0_392;;0;0;0;1
track_0_393;;78;0;2;5
track_0_394;;0;1;1;4
track_0_395;;0;0;1;4
track_0_396;;12;3;1;4
track_0_397;;26;0;0;3
track_0_398;;24;0;1;5
track_0_399;;5;0;1;4
track_0_4;;0;0;1;4
track_0_40;;0;0;0;3
track_0_400;;0;0;0;4
track_0_401;;0;3;1;4
track_0_402;;78;0;1;5
track_0_403;;0;0;1;3
track_0_404;;78;0;1;5
track_0_405;;12;3;2;5
track_0_406;;0;0;1;5
track_0_407;;0;0;0;2
track_0_408;;0;1;0;4
track_0_409;;0;0;0;3
track_0_41;;0;0;0;4
track_0_410;;0;0;1;4
track_0_411;;14;3;1;4
track_0_412;;0;0;1;3
track_0_413;;0;2;1;4
track_0_414;;0;2;0;3
track_0_415;;29;0;0;2
track_0_416;;0;2;1;5
track_0_417;;0;0;0;4
track_0_418;;0;0;0;5
track_0_419;;0;0;0;2
track_0_42;;6;0;0;6
track_0_420;;0;0;1;4
track_0_421;;4;3;1;5
track_0_422;;120;0;1;5
track_0_423;;7;2;0;5
track_0_424;;156;0;1;5
track_0_425;;0;0;1;3
track_0_426;;0;0;1;4
track_0_427;;20;0;1;4
track_0_428;;36;0;0;4
track_0_429;;0;0;0;4
track_0_43;;12;3;2;5
track_0_430;;18;0;0;4
track_0_431;;0;0;1;3
track_0_432;;18;0;1;5
track_0_433;;32;2;1;6
track_0_434;;26;0;0;4
track_0_435;;0;0;0;3
track_0_436;;0;0;0;2
track_0_437;;0;0;0;4
track_0_438;;6;0;0;2
track_0_439;;0;0;0;4
track_0_44;;0;0;0;4
track_0_440;;0;0;0;4
track_0_441;;0;0;1;3
track_0_442;;0;0;0;2
track_0_443;;0;3;1;4
track_0_444;;15;0;1;3
track_0_445;;0;0;0;1
track_0_446;;0;0;0;1
track_0_447;;0;0;0;2
track_0_448;;15;0;1;3
track_0_449;;0;0;0;3
track_0_45;;0;0;0;4
track_0_450;;24;0;1;5
track_0_451;;0;0;0;1
track_0_452;;7;2;0;5
track_0_453;;12;0;1;3
track_0_454;;0;0;0;1
track_0_455;;0;2;1;4
track_0_456;;6;0;1;3
track_0_457;;0;0;1;4
track_0_458;;24;0;1;4
track_0_459;;15;0;1;3
track_0_46;;0;0;1;3
track_0_460;;0;0;1;3
track_0_461;;0;0;0;1
track_0_462;;0;0;0;2
track_0_463;;0;0;0;3
track_0_464;;0;0;1;3
track_0_465;;0;0;1;4
track_0_466;;0;3;1;5
track_0_467;;15;0;1;4
track_0_468;;0;0;1;3
track_0_469;;4;2;0;3
track_0_47;;14;2;1;5
track_0_470;;0;0;1;4
track_0_471;;12;0;1;4
track_0_472;;5;0;1;3
track_0_473;;78;0;1;5
track_0_474;;0;3;2;5
track_0_475;;15;0;1;4
track_0_476;;0;0;0;2
track_0_477;;0;1;0;4
track_0_478;;0;0;0;3
track_0_479;;0;0;0;2
track_0_48;;26;0;1;5
track_0_480;;0;0;0;4
track_0_481;;0;0;0;4
track_0_482;;0;3;1;4
track_0_483;;5;0;0;2
track_0_484;;0;0;1;4
track_0_485;;0;3;1;4
track_0_486;;15;0;1;3
track_0_487;;0;0;1;4
track_0_488;;0;0;1;5
track_0_489;;0;0;0;2
track_0_49;;0;3;1;4
track_0_490;;0;1;0;4
track_0_491;;0;0;0;3
track_0_492;;0;0;1;3
track_0_493;;20;0;1;4
track_0_494;;0;0;1;4
track_0_495;;12;3;1;4
track_0_496;;0;0;0;2
track_0_497;;0;0;0;2
track_0_498;;0;0;0;3
track_0_499;;18;0;0;4
track_0_5;;12;3;1;4
track_0_50;;0;0;0;1
track_0_500;;0;0;0;1
track_0_501;;0;2;1;5
track_0_502;;0;0;0;2
track_0_503;;0;0;1;4
track_0_504;;14;3;1;4
track_0_505;;6;0;0;2
track_0_506;;0;0;0;1
track_0_507;;0;0;0;3
track_0_508;;0;0;1;3
track_0_509;;18;0;2;6
track_0_51;;0;0;1;2
track_0_510;;0;0;0;4
track_0_511;;0;0;1;3
track_0_512;;0;0;0;2
track_0_513;;0;0;0;2
track_0_514;;24;0;1;5
track_0_515;;0;0;0;1
track_0_516;;15;0;1;3
track_0_517;;0;0;0;3
track_0_518;;0;3;1;5
track_0_519;;15;0;1;4
track_0_52;;0;0;0;2
track_0_520;;0;0;1;3
track_0_521;;4;2;0;3
track_0_522;;0;0;2;4
track_0_523;;0;0;1;5
track_0_524;;0;0;0;2
track_0_525;;0;1;0;4
track_0_526;;0;0;0;3
track_0_527;;0;0;1;4
track_0_528;;0;3;1;4
track_0_529;;78;0;1;5
track_0_53;;0;0;0;1
track_0_530;;0;0;1;4
track_0_531;;24;0;1;4
track_0_532;;15;0;1;3
track_0_533;;18;0;2;6
track_0_534;;0;2;1;5
track_0_535;;0;0;0;4
track_0_536;;0;0;1;3
track_0_537;;7;2;0;5
track_0_538;;0;0;1;4
track_0_539;;12;3;1;4
track_0_54;;12;0;1;3
track_0_540;;0;0;0;2
track_0_541;;12;0;1;4
track_0_542;;15;0;1;3
track_0_543;;0;0;1;3
track_0_544;;20;0;1;4
track_0_545;;0;0;0;1
track_0_546;;0;0;0;3
track_0_547;;0;0;1;4
track_0_548;;18;0;0;4
track_0_549;;0;0;0;1
track_0_55;;0;0;0;1
track_0_550;;0;0;0;2
track_0_551;;0;0;1;3
track_0_552;;0;2;1;4
track_0_553;;15;0;1;4
track_0_554;;0;0;0;4
track_0_555;;0;3;1;4
track_0_556;;15;0;1;3
track_0_557;;0;0;0;2
track_0_558;;15;0;1;3
track_0_559;;0;3;2;5
track_0_56;;26;0;2;5
track_0_560;;12;0;1;3
track_0_561;;5;0;0;2
track_0_562;;0;0;1;3
track_0_563;;0;0;1;4
track_0_564;;0;0;0;3
track_0_565;;0;0;1;3
track_0_566;;0;0;0;1
track_0_567;;0;0;0;4
track_0_568;;0;0;1;4
track_0_569;;14;3;1;4
track_0_57;;12;1;2;8
track_0_570;;6;0;0;2
track_0_571;;0;0;0;2
track_0_572;;0;0;0;2
track_0_573;;0;0;0;3
track_0_574;;0;0;0;2
track_0_575;;0;0;0;1
track_0_576;;0;0;0;3
track_0_577;;0;0;0;2
track_0_578;;0;0;0;2
track_0_579;;0;1;0;4
track_0_58;;0;0;1;4
track_0_580;;24;0;1;5
track_0_581;;15;0;1;4
track_0_582;;0;0;0;4
track_0_583;;0;3;1;5
track_0_584;;15;0;1;4
track_0_585;;0;0;0;3
track_0_586;;18;0;0;4
track_0_587;;0;0;1;3
track_0_588;;18;0;2;6
track_0_589;;0;0;0;3
track_0_59;;12;3;1;4
track_0_590;;0;0;1;4
track_0_591;;12;0;1;4
track_0_592;;0;0;1;3
track_0_593;;0;2;1;4
track_0_594;;15;0;1;3
track_0_595;;0;0;1;4
track_0_596;;24;0;1;4
track_0_597;;15;0;1;3
track_0_598;;12;0;1;3
track_0_599;;5;0;0;2
track_0_6;;26;0;0;3
track_0_60;;26;0;0;3
track_0_600;;0;0;1;3
track_0_601;;0;0;1;4
track_0_602;;0;0;0;3
track_0_603;;0;0;0;2
track_0_604;;0;0;1;3
track_0_605;;4;2;0;3
track_0_606;;0;0;1;4
track_0_607;;0;0;1;5
track_0_608;;0;0;0;2
track_0_609;;0;1;0;4
track_0_61;;47;0;1;6
track_0_610;;0;0;0;3
track_0_611;;0;0;1;4
track_0_612;;0;3;1;4
track_0_613;;78;0;1;5
track_0_614;;0;2;1;5
track_0_615;;0;0;0;4
track_0_616;;0;0;1;3
track_0_617;;7;2;0;5
track_0_618;;0;0;1;4
track_0_619;;12;3;1;4
track_0_62;;0;0;0;4
track_0_620;;0;0;0;2
track_0_621;;15;0;1;3
track_0_622;;0;0;1;3
track_0_623;;20;0;1;4
track_0_624;;0;0;0;1
track_0_625;;0;0;0;1
track_0_626;;0;0;0;2
track_0_627;;0;0;0;2
track_0_628;;0;1;0;4
track_0_629;;0;0;0;3
track_0_63;;0;3;1;4
track_0_630;;0;0;0;2
track_0_631;;0;0;0;4
track_0_632;;0;0;1;4
track_0_633;;14;3;1;4
track_0_634;;0;0;0;3
track_0_635;;0;3;1;4
track_0_636;;15;0;1;3
track_0_637;;15;0;1;3
track_0_638;;0;0;0;2
track_0_639;;12;3;2;5
track_0_64;;78;0;1;5
track_0_640;;6;0;0;2
track_0_641;;0;0;0;2
track_0_642;;0;0;0;2
track_0_643;;0;0;0;1
track_0_644;;0;0;0;1
track_0_645;;24;0;1;5
track_0_646;;15;0;1;4
track_0_647;;0;0;0;4
track_0_648;;0;3;1;5
track_0_649;;15;0;1;4
track_0_65;;0;0;0;3
track_0_650;;0;0;0;3
track_0_651;;18;0;0;4
track_0_652;;0;0;1;3
track_0_653;;18;0;2;6
track_0_654;;0;0;0;3
track_0_655;;0;0;1;4
track_0_656;;12;0;1;4
track_0_657;;0;0;1;3
track_0_658;;0;2;1;4
track_0_659;;15;0;1;3
track_0_66;;20;1;2;9
track_0_660;;0;0;1;4
track_0_661;;24;0;1;4
track_0_662;;15;0;1;3
track_0_663;;12;0;1;3
track_0_664;;5;0;0;2
track_0_665;;0;0;1;3
track_0_666;;0;0;1;4
track_0_667;;0;0;0;3
track_0_668;;0;0;0;2
track_0_669;;0;0;1;3
track_0_67;;12;1;2;7
track_0_670;;4;2;0;3
track_0_671;;0;0;1;4
track_0_672;;0;0;1;5
track_0_673;;0;0;0;2
track_0_674;;0;1;0;4
track_0_675;;0;0;0;3
track_0_676;;0;0;1;4
track_0_677;;0;3;1;4
track_0_678;;78;0;1;5
track_0_679;;0;2;1;5
track_0_68;;78;0;2;5
track_0_680;;0;0;0;4
track_0_681;;0;0;1;3
track_0_682;;7;2;0;5
track_0_683;;0;0;1;4
track_0_684;;12;3;1;4
track_0_685;;0;0;0;2
track_0_686;;15;0;1;3
track_0_687;;0;0;1;3
track_0_688;;20;0;1;4
track_0_689;;0;0;0;1
track_0_69;;89;0;0;4
track_0_690;;0;0;0;1
track_0_691;;0;0;0;2
track_0_692;;12;3;2;5
track_0_693;;0;0;0;2
track_0_694;;0;1;0;4
track_0_695;;0;0;0;3
track_0_696;;0;0;1;4
track_0_697;;14;3;1;4
track_0_698;;6;0;0;2
track_0_699;;15;0;1;3
track_0_7;;47;0;1;6
track_0_70;;0;0;1;5
track_0_700;;0;0;0;2
track_0_701;;0;0;0;2
track_0_702;;0;0;0;2
track_0_703;;0;3;1;4
track_0_704;;15;0;1;3
track_0_705;;0;0;0;1
track_0_706;;0;0;0;3
track_0_707;;0;0;0;4
track_0_708;;0;0;1;2
track_0_709;;0;0;0;1
track_0_71;;78;0;0;4
track_0_710;;24;0;1;5
track_0_711;;15;0;1;4
track_0_712;;0;0;0;4
track_0_713;;0;3;1;5
track_0_714;;15;0;1;4
track_0_715;;0;0;0;3
track_0_716;;18;0;0;4
track_0_717;;0;0;1;3
track_0_718;;18;0;2;6
track_0_719;;0;0;0;3
track_0_72;;0;1;0;4
track_0_720;;0;0;1;4
track_0_721;;12;0;1;4
track_0_722;;0;0;1;3
track_0_723;;0;2;1;4
track_0_724;;15;0;1;3
track_0_725;;0;0;1;4
track_0_726;;24;0;1;4
track_0_727;;15;0;1;3
track_0_728;;12;0;1;3
track_0_729;;5;0;0;2
track_0_73;;0;0;0;3
track_0_730;;0;0;1;3
track_0_731;;0;0;1;4
track_0_732;;0;0;0;3
track_0_733;;0;0;0;2
track_0_734;;0;0;1;3
track_0_735;;4;2;0;3
track_0_736;;0;0;1;4
track_0_737;;0;0;1;5
track_0_738;;0;0;0;2
track_0_739;;0;1;0;4
track_0_74;;0;0;0;4
track_0_740;;0;0;0;3
track_0_741;;0;0;1;4
track_0_742;;0;3;1;4
track_0_743;;78;0;1;5
track_0_744;;0;2;1;5
track_0_745;;0;0;0;4
track_0_746;;0;0;1;3
track_0_747;;7;2;0;5
track_0_748;;0;0;1;4
track_0_749;;12;3;1;4
track_0_75;;14;3;1;4
track_0_750;;0;0;0;2
track_0_751;;15;0;1;3
track_0_752;;0;0;1;3
track_0_753;;20;0;1;4
track_0_754;;0;0;0;1
track_0_755;;0;0;0;1
track_0_756;;0;0;0;2
track_0_757;;0;0;0;2
track_0_758;;0;1;0;4
track_0_759;;0;0;0;3
track_0_76;;0;0;1;3
track_0_760;;0;0;1;4
track_0_761;;14;3;1;4
track_0_762;;6;0;0;2
track_0_763;;15;0;1;3
track_0_764;;0;0;0;2
track_0_765;;0;0;0;2
track_0_766;;0;0;0;4
track_0_767;;0;0;0;2
track_0_768;;0;0;0;2
track_0_769;;12;3;2;5
track_0_77;;0;2;1;4
track_0_770;;0;0;0;3
track_0_771;;0;3;1;4
track_0_772;;15;0;1;3
track_0_773;;0;0;0;1
track_0_774;;0;0;0;1
track_0_775;;24;0;1;5
track_0_776;;15;0;1;4
track_0_777;;0;0;0;4
track_0_778;;0;3;1;5
track_0_779;;15;0;1;4
track_0_78;;0;2;0;3
track_0_780;;0;0;0;3
track_0_781;;18;0;0;4
track_0_782;;0;0;1;3
track_0_783;;18;0;2;6
track_0_784;;0;0;0;3
track_0_785;;0;0;1;4
track_0_786;;12;0;1;4
track_0_787;;0;0;1;3
track_0_788;;0;2;1;4
track_0_789;;15;0;1;3
track_0_79;;29;0;0;2
track_0_790;;0;0;1;4
track_0_791;;24;0;1;4
track_0_792;;15;0;1;3
track_0_793;;12;0;1;3
track_0_794;;5;0;0;2
track_0_795;;0;0;1;3
track_0_796;;0;0;1;4
track_0_797;;0;0;0;3
track_0_798;;0;0;0;2
track_0_799;;0;0;1;3
track_0_8;;0;0;0;4
track_0_80;;0;2;1;5
track_0_800;;4;2;0;3
track_0_801;;0;0;1;4
track_0_802;;0;0;1;5
track_0_803;;0;0;0;2
track_0_804;;0;1;0;4
track_0_805;;0;0;0;3
track_0_806;;0;0;1;4
track_0_807;;0;3;1;4
track_0_808;;78;0;1;5
track_0_809;;0;2;1;5
track_0_81;;0;0;0;4
track_0_810;;0;0;0;4
track_0_811;;0;0;1;3
track_0_812;;7;2;0;5
track_0_813;;0;0;1;4
track_0_814;;12;3;1;4
track_0_815;;0;0;0;2
track_0_816;;15;0;1;3
track_0_817;;0;0;1;3
track_0_818;;20;0;1;4
track_0_819;;0;0;0;1
track_0_82;;0;0;1;5
track_0_820;;0;0;0;1
track_0_821;;0;0;0;2
track_0_822;;0;0;0;2
track_0_823;;0;1;0;4
track_0_824;;0;0;0;3
track_0_825;;0;0;1;4
track_0_826;;14;3;1;4
track_0_827;;6;0;0;2
track_0_828;;15;0;1;3
track_0_829;;0;0;0;2
track_0_83;;0;0;0;2
track_0_830;;0;0;0;2
track_0_831;;0;0;0;4
track_0_832;;0;0;0;2
track_0_833;;0;0;0;2
track_0_834;;12;3;2;5
track_0_835;;0;0;0;3
track_0_836;;0;3;1;4
track_0_837;;15;0;1;3
track_0_838;;0;0;0;1
track_0_839;;0;0;0;1
track_0_84;;0;0;1;4
track_0_840;;24;0;1;5
track_0_841;;15;0;1;4
track_0_842;;0;0;0;4
track_0_843;;0;3;1;5
track_0_844;;15;0;1;4
track_0_845;;0;0;0;3
track_0_846;;18;0;0;4
track_0_847;;0;0;1;3
track_0_848;;18;0;2;6
track_0_849;;0;0;0;3
track_0_85;;0;3;1;5
track_0_850;;0;0;1;4
track_0_851;;12;0;1;4
track_0_852;;0;0;1;3
track_0_853;;0;2;1;4
track_0_854;;15;0;1;3
track_0_855;;0;0;1;4
track_0_856;;24;0;1;4
track_0_857;;15;0;1;3
track_0_858;;12;0;1;3
track_0_859;;5;0;0;2
track_0_86;;120;0;1;5
track_0_860;;0;0;1;3
track_0_861;;0;0;1;4
track_0_862;;0;0;0;3
track_0_863;;0;0;0;2
track_0_864;;0;0;1;3
track_0_865;;4;2;0;3
track_0_866;;0;0;1;4
track_0_867;;0;0;1;5
track_0_868;;0;0;0;2
track_0_869;;0;1;0;4
track_0_87;;0;0;1;4
track_0_870;;0;0;0;3
track_0_871;;0;0;1;4
track_0_872;;0;3;1;4
track_0_873;;78;0;1;5
track_0_874;;0;2;1;5
track_0_875;;0;0;0;4
track_0_876;;0;0;1;3
track_0_877;;7;2;0;5
track_0_878;;0;0;1;4
track_0_879;;12;3;1;4
track_0_88;;78;0;0;4
track_0_880;;0;0;0;2
track_0_881;;15;0;1;3
track_0_882;;0;0;1;3
track_0_883;;20;0;1;4
track_0_884;;0;0;0;1
track_0_885;;0;0;0;1
track_0_886;;0;0;0;2
track_0_887;;0;0;0;2
track_0_888;;0;1;0;4
track_0_889;;0;0;0;3
track_0_89;;0;0;0;4
track_0_890;;0;0;1;4
track_0_891;;14;3;1;4
track_0_892;;6;0;0;2
track_0_893;;15;0;1;3
track_0_894;;0;0;0;2
track_0_895;;0;0;0;2
track_0_896;;0;0;0;4
track_0_897;;0;0;0;2
track_0_898;;0;0;0;2
track_0_899;;12;3;2;5
track_0_9;;0;3;1;4
track_0_90;;18;0;0;4
track_0_900;;0;0;0;3
track_0_901;;0;3;1;4
track_0_902;;15;0;1;3
track_0_903;;0;0;0;1
track_0_904;;0;0;0;1
track_0_905;;24;0;1;5
track_0_906;;15;0;1;4
track_0_907;;0;0;0;4
track_0_908;;0;3;1;5
track_0_909;;15;0;1;4
track_0_91;;0;0;1;3
track_0_910;;0;0;0;3
track_0_911;;18;0;0;4
track_0_912;;0;0;1;3
track_0_913;;18;0;2;6
track_0_914;;0;0;0;3
track_0_915;;0;0;1;4
track_0_916;;12;0;1;4
track_0_917;;0;0;1;3
track_0_918;;0;2;1;4
track_0_919;;15;0;1;3
track_0_92;;0;1;1;5
track_0_920;;0;0;1;4
track_0_921;;24;0;1;4
track_0_922;;15;0;1;3
track_0_923;;12;0;1;3
track_0_924;;5;0;0;2
track_0_925;;0;0;1;3
track_0_926;;0;0;1;4
track_0_927;;0;0;0;3
track_0_928;;0;0;0;2
track_0_929;;0;0;1;3
track_0_93;;26;0;0;4
track_0_930;;4;2;0;3
track_0_931;;0;0;1;4
track_0_932;;0;0;1;5
track_0_933;;0;0;0;2
track_0_934;;0;1;0;4
track_0_935;;0;0;0;3
track_0_936;;0;0;1;4
track_0_937;;0;3;1;4
track_0_938;;78;0;1;5
track_0_939;;0;2;1;5
track_0_94;;0;0;0;3
track_0_940;;0;0;0;4
track_0_941;;0;0;1;3
track_0_942;;7;2;0;5
track_0_943;;0;0;1;4
track_0_944;;12;3;1;4
track_0_945;;0;0;0;2
track_0_946;;15;0;1;3
track_0_947;;0;0;1;3
track_0_948;;20;0;1;4
track_0_949;;0;0;0;1
track_0_95;;0;0;0;2
track_0_950;;0;0;0;1
track_0_951;;0;0;0;2
track_0_952;;0;0;0;2
track_0_953;;0;1;0;4
track_0_954;;0;0;0;3
track_0_955;;0;0;1;4
track_0_956;;14;3;1;4
track_0_957;;6;0;0;2
track_0_958;;15;0;1;3
track_0_959;;0;0;0;2
track_0_96;;0;0;0;4
track_0_960;;0;0;0;2
track_0_961;;0;0;0;4
track_0_962;;0;0;0;2
track_0_963;;0;0;0;2
track_0_964;;12;3;2;5
track_0_965;;0;0;0;3
track_0_966;;0;3;1;4
track_0_967;;15;0;1;3
track_0_968;;0;0;0;1
track_0_969;;0;0;0;1
track_0_97;;6;0;0;6
track_0_970;;24;0;1;5
track_0_971;;15;0;1;4
track_0_972;;0;0;0;4
track_0_973;;0;3;1;5
track_0_974;;15;0;1;4
track_0_975;;0;0;0;3
track_0_976;;18;0;0;4
track_0_977;;0;0;1;3
track_0_978;;18;0;2;6
track_0_979;;0;0;0;3
track_0_98;;12;3;2;5
track_0_980;;0;0;1;4
track_0_981;;12;0;1;4
track_0_982;;0;0;1;3
track_0_983;;0;2;1;4
track_0_984;;15;0;1;3
track_0_985;;0;0;1;4
track_0_986;;24;0;1;4
track_0_987;;15;0;1;3
track_0_988;;12;0;1;3
track_0_989;;5;0;0;2
track_0_99;;0;0;0;4
track_0_990;;0;0;1;3
track_0_991;;0;0;1;4
track_0_992;;0;0;0;3
track_0_993;;0;0;0;2
track_0_994;;0;0;1;3
track_0_995;;4;2;0;3
track_0_996;;0;0;1;4
track_0_997;;0;0;1;5
track_0_998;;0;0;0;2
track_0_999;;0;1;0;4
track_16_13;;12;0;1;3
track_18_14;;26;0;2;5
track_19_15;;12;1;2;8
track_20_16;;26;0;0;3
track_23_17;;47;0;2;9
track_24_18;;0;0;1;7
track_25_19;;20;1;2;9
track_26_20;;12;1;2;7
track_27_21;;78;0;2;5
track_28_22;;89;0;0;4
track_29_23;;0;0;1;5
track_30_24;;78;0;0;4
track_31_25;;0;0;1;3
track_32_26;;0;2;1;4
track_34_27;;0;2;0;3
track_36_28;;29;0;0;2
track_37_29;;0;0;1;5
track_38_30;;0;0;0;2
track_39_31;;0;0;1;4
track_40_32;;0;3;1;5
track_44_33;;21;0;0;7
track_45_34;;12;0;1;6
track_47_35;;0;1;1;5
track_51_36;;0;0;0;4
track_52_37;;6;0;0;6
track_53_38;;30;2;0;11
track_54_39;;0;0;0;4
track_55_40;;104;0;1;9
track_57_41;;0;3;1;4
track_58_42;;0;0;1;2
track_59_43;;0;0;0;2
